lat,lon,excess_deaths,pm25_annual,t2m_annual,population,quadrant,predicted_global,residuals,hotspot
22.905000686645508,72.40499877929688,2.2047195434570312,54.14166259765625,33.12094497680664,9657.142578125,0,2.202639219465114,0.0020803239919171546,False
22.905000686645508,72.41500091552734,2.2385733127593994,55.80833053588867,33.12094497680664,9657.142578125,0,2.237287219795316,0.0012860929640834406,False
22.905000686645508,72.42500305175781,2.2585346698760986,56.80833435058594,33.12094497680664,9657.142578125,0,2.2580760834357725,0.0004585864403261475,False
22.905000686645508,72.43499755859375,2.2485861778259277,56.30833053588867,33.12094497680664,9657.142578125,0,2.247681611964085,0.0009045658618429542,False
22.905000686645508,72.44499969482422,2.216994047164917,54.74166488647461,33.12094497680664,9657.142578125,0,2.215112537649388,0.0018815095155289008,False
22.905000686645508,72.45500183105469,2.183694362640381,53.125,33.12094497680664,9657.142578125,0,2.181504039978398,0.0021903226619830463,True
22.905000686645508,72.46499633789062,2.1653590202331543,52.25,33.12094497680664,9657.142578125,0,2.1633138536830523,0.0020451665501020067,False
22.905000686645508,72.4749984741211,2.169394016265869,52.44166564941406,33.12094497680664,9657.142578125,0,2.1672983495336355,0.002095666732233603,False
22.905000686645508,72.48500061035156,2.168693780899048,52.4083366394043,33.12094497680664,9657.142578125,0,2.166605479932359,0.002088300966688994,False
22.905000686645508,72.49500274658203,2.1439521312713623,51.241668701171875,33.12094497680664,9657.142578125,0,2.142351871770926,0.0016002595004365183,False
22.905000686645508,72.50499725341797,2.139669179916382,51.04166793823242,33.12094497680664,9657.142578125,0,2.1381940990428343,0.0014750808735475296,False
22.905000686645508,72.51499938964844,2.148756504058838,51.4666633605957,33.12094497680664,9657.142578125,0,2.1470292372227853,0.001727266836052621,False
22.905000686645508,72.5250015258789,2.1707959175109863,52.508331298828125,33.12094497680664,9657.142578125,0,2.1686842473420263,0.002111670168960078,False
22.905000686645508,72.53500366210938,2.194242000579834,53.63334274291992,33.12094497680664,9657.142578125,0,2.192071867630512,0.002170132949321779,False
22.905000686645508,72.54499816894531,2.212571859359741,54.52499771118164,33.12094497680664,9657.142578125,0,2.210608290469199,0.0019635688905421667,False
22.905000686645508,72.55500030517578,2.2200465202331543,54.89167404174805,33.12094497680664,9657.142578125,0,2.218231045627024,0.0018154746061305183,False
22.905000686645508,72.56500244140625,2.22343111038208,55.05833435058594,33.12094497680664,9657.142578125,0,2.221695710845082,0.0017353995369981945,False
22.905000686645508,72.57499694824219,2.229337692260742,55.35000228881836,33.12094497680664,9657.142578125,0,2.22775913271117,0.0015785595495723115,False
22.905000686645508,72.58499908447266,2.2502493858337402,56.391666412353516,33.12094497680664,9657.142578125,1,2.249414063527492,0.0008353223062482762,False
22.905000686645508,72.59500122070312,2.2424192428588867,56.0,33.12094497680664,9657.142578125,1,2.2412717949488177,0.0011474479100690438,False
22.905000686645508,72.6050033569336,2.2142739295959473,54.60833740234375,33.12094497680664,9657.142578125,1,2.2123408213355247,0.001933108260422589,False
22.905000686645508,72.61499786376953,2.1897549629211426,53.41666793823242,33.12094497680664,9657.142578125,1,2.187567461844486,0.0021875010766567726,True
22.905000686645508,72.625,2.17167067527771,52.54999923706055,33.26767349243164,9657.142578125,1,2.1688511491285305,0.002819526149179463,True
22.905000686645508,72.63500213623047,2.15301251411438,51.66666793823242,33.26767349243164,9657.142578125,1,2.1504877652585956,0.0025247488557842424,True
22.905000686645508,72.6449966430664,2.144843578338623,51.2833366394043,33.26767349243164,9657.142578125,1,2.14251877355743,0.002324804781193013,True
22.905000686645508,72.65499877929688,2.1348373889923096,50.81666564941406,33.26767349243164,9657.142578125,1,2.132817250989938,0.002020138002371663,False
22.905000686645508,72.66500091552734,2.142882823944092,51.19166564941406,33.26767349243164,9657.142578125,1,2.140613045116514,0.0022697788275776176,True
22.905000686645508,72.67500305175781,2.143239736557007,51.20833969116211,33.26767349243164,9657.142578125,1,2.1409596781744495,0.002280058382557293,True
22.905000686645508,72.68499755859375,2.1283693313598633,50.516666412353516,33.26767349243164,9657.142578125,1,2.12658063154926,0.0017886998106031449,False
22.905000686645508,72.69499969482422,2.110072135925293,49.67500305175781,33.26767349243164,9657.142578125,1,2.109083473461029,0.0009886624642638786,False
22.905000686645508,72.70500183105469,2.0895137786865234,48.74166488647461,33.26767349243164,9657.142578125,1,2.0896805076289637,-0.00016672894244029735,False
22.905000686645508,72.71499633789062,2.083031177520752,48.45000076293945,33.26767349243164,9657.142578125,1,2.0836171650657946,-0.0005859875450426877,False
22.905000686645508,72.7249984741211,2.0861847400665283,48.591670989990234,33.26767349243164,9657.142578125,1,2.086562316863003,-0.00037757679647487663,False
22.905000686645508,72.73500061035156,2.0856282711029053,48.56666564941406,33.26767349243164,9657.142578125,1,2.0860424862304785,-0.0004142151275732253,False
22.905000686645508,72.74500274658203,2.072223663330078,47.9666633605957,33.26767349243164,9657.142578125,1,2.073569168046205,-0.0013455047161268219,False
22.915000915527344,72.40499877929688,2.197514772415161,53.79166793823242,33.12094497680664,9657.142578125,0,2.195363255971062,0.0021515164440990553,False
22.915000915527344,72.41500091552734,2.242753744125366,56.01667404174805,33.12094497680664,9657.142578125,0,2.241618428006753,0.0011353161186131722,False
22.915000915527344,72.42500305175781,2.282313585281372,58.016666412353516,33.12094497680664,9657.142578125,0,2.2831958380759905,-0.0008822527946183989,False
22.915000915527344,72.43499755859375,2.2973763942718506,58.79166793823242,33.12094497680664,9657.142578125,0,2.2993071776587493,-0.0019307833868986712,False
22.915000915527344,72.44499969482422,2.266117811203003,57.19166946411133,33.12094497680664,9657.142578125,0,2.266045154439857,7.265676314593961e-05,False
22.915000915527344,72.45500183105469,2.215975284576416,54.69166564941406,33.12094497680664,9657.142578125,0,2.2140731142930945,0.0019021702833215137,False
22.915000915527344,72.46499633789062,2.174990177154541,52.70833969116211,33.12094497680664,9657.142578125,0,2.172842178675955,0.002147998478585933,False
22.915000915527344,72.4749984741211,2.1678178310394287,52.366668701171875,33.12094497680664,9657.142578125,0,2.165739254150655,0.0020785768887736644,False
22.915000915527344,72.48500061035156,2.168693780899048,52.408329010009766,33.12094497680664,9657.142578125,0,2.166605321326521,0.0020884595725267907,False
22.915000915527344,72.49500274658203,2.1533660888671875,51.68333053588867,33.12094497680664,9657.142578125,0,2.1515334844029743,0.0018326044642131833,False
22.915000915527344,72.50499725341797,2.139669179916382,51.04166793823242,33.12094497680664,9657.142578125,0,2.1381940990428343,0.0014750808735475296,False
22.915000915527344,72.51499938964844,2.151594400405884,51.60000228881836,33.12094497680664,9657.142578125,0,2.1498011914454045,0.0017932089604792978,False
22.915000915527344,72.5250015258789,2.177432060241699,52.82499694824219,33.12094497680664,9657.142578125,0,2.1752673412348016,0.0021647190068976307,False
22.915000915527344,72.53500366210938,2.2038626670837402,54.10000228881836,33.12094497680664,9657.142578125,0,2.201773152289248,0.0020895147944921533,False
22.915000915527344,72.54499816894531,2.226470470428467,55.20833206176758,33.12094497680664,9657.142578125,0,2.2248139809139613,0.001656489514505477,False
22.915000915527344,72.55500030517578,2.2288331985473633,55.32500076293945,33.12094497680664,9657.142578125,0,2.227239381381564,0.001593817165799205,False
22.915000915527344,72.56500244140625,2.2207236289978027,54.92499923706055,33.12094497680664,9657.142578125,0,2.218923835925381,0.0017997930724216182,False
22.915000915527344,72.57499694824219,2.2269787788391113,55.23332595825195,33.12094497680664,9657.142578125,0,2.2253335736377298,0.001645205201381561,False
22.915000915527344,72.58499908447266,2.2355566024780273,55.6583251953125,33.12094497680664,9657.142578125,1,2.234168791120599,0.0013878113574281592,False
22.915000915527344,72.59500122070312,2.2363944053649902,55.69999694824219,33.12094497680664,9657.142578125,1,2.235035096205222,0.0013593091597683404,False
22.915000915527344,72.6050033569336,2.2054028511047363,54.17499923706055,33.12094497680664,9657.142578125,1,2.2033322476722286,0.002070603432507756,False
22.915000915527344,72.61499786376953,2.17167067527771,52.55000305175781,33.12094497680664,9657.142578125,1,2.169550552426649,0.0021201228510610015,False
22.915000915527344,72.625,2.1507089138031006,51.55833435058594,33.26767349243164,9657.142578125,1,2.1482356416685016,0.002473272134599025,True
22.915000915527344,72.63500213623047,2.1469786167144775,51.383331298828125,33.26767349243164,9657.142578125,1,2.1445975409670974,0.0023810757473801125,True
22.915000915527344,72.6449966430664,2.1394903659820557,51.033329010009766,33.26767349243164,9657.142578125,1,2.137321418867208,0.002168947114847608,False
22.915000915527344,72.65499877929688,2.1384174823760986,50.983333587646484,33.26767349243164,9657.142578125,1,2.1362820748138334,0.002135407562265268,False
22.915000915527344,72.66500091552734,2.1294493675231934,50.56666946411133,33.26767349243164,9657.142578125,1,2.127620134208472,0.0018292333147211792,False
22.915000915527344,72.67500305175781,2.1177077293395996,50.02499771118164,33.26767349243164,9657.142578125,1,2.1163594369550807,0.0013482923845189454,False
22.915000915527344,72.68499755859375,2.1055073738098145,49.466670989990234,33.26767349243164,9657.142578125,1,2.1047525031583487,0.0007548706514657333,False
22.915000915527344,72.69499969482422,2.0948641300201416,48.98333740234375,33.26767349243164,9657.142578125,1,2.0947045854416775,0.0001595445784641214,False
22.915000915527344,72.70500183105469,2.091177225112915,48.81666946411133,33.26767349243164,9657.142578125,1,2.0912397616177816,-6.253650486653939e-05,False
22.915000915527344,72.71499633789062,2.088589906692505,48.70000076293945,33.26767349243164,9657.142578125,1,2.088814361150179,-0.00022445445767393934,False
22.915000915527344,72.7249984741211,2.087665319442749,48.6583366394043,33.26767349243164,9657.142578125,1,2.087948214671394,-0.00028289522864488603,False
22.915000915527344,72.73500061035156,2.0735316276550293,48.02499771118164,33.26767349243164,9657.142578125,1,2.0747818682800063,-0.0012502406249770281,False
22.915000915527344,72.74500274658203,2.0652875900268555,47.658329010009766,33.26767349243164,9657.142578125,1,2.067159271728019,-0.0018716817011634745,False
22.924999237060547,72.40499877929688,2.1980292797088623,53.81666946411133,33.12094497680664,9657.142578125,0,2.1958830073006683,0.0021462724081939832,False
22.924999237060547,72.41500091552734,2.2422523498535156,55.991668701171875,33.12094497680664,9657.142578125,0,2.2410985973742283,0.0011537524792872844,False
22.924999237060547,72.42500305175781,2.289458990097046,58.383331298828125,33.12094497680664,9657.142578125,0,2.2908183553250585,-0.00135936522801261,False
22.924999237060547,72.43499755859375,2.3247017860412598,60.2166633605957,33.12094497680664,9657.142578125,0,2.328931100176238,-0.004229314134978068,False
22.924999237060547,72.44499969482422,2.3012406826019287,58.991668701171875,33.12094497680664,9657.142578125,0,2.3034649503868407,-0.0022242677849120263,False
22.924999237060547,72.45500183105469,2.261009454727173,56.93333435058594,33.12094497680664,9657.142578125,0,2.2606746814779646,0.00033477324920827556,False
22.924999237060547,72.46499633789062,2.205916166305542,54.20000076293945,33.12094497680664,9657.142578125,0,2.2038519990018344,0.0020641673037076202,False
22.924999237060547,72.4749984741211,2.176561117172241,52.783329010009766,33.12094497680664,9657.142578125,0,2.1744011154530978,0.002160001719143434,False
22.924999237060547,72.48500061035156,2.1816084384918213,53.02500534057617,33.12094497680664,9657.142578125,0,2.1794252725687304,0.0021831659230908684,False
22.924999237060547,72.49500274658203,2.17621111869812,52.766666412353516,33.12094497680664,9657.142578125,0,2.174054720303919,0.002156398394201009,False
22.924999237060547,72.50499725341797,2.156726837158203,51.8416633605957,33.12094497680664,9657.142578125,0,2.1548250313493615,0.0019018058088415835,False
22.924999237060547,72.51499938964844,2.1565499305725098,51.83332824707031,33.12094497680664,9657.142578125,0,2.1546517544718538,0.0018981761006560127,False
22.924999237060547,72.5250015258789,2.1823034286499023,53.0583381652832,33.12094497680664,9657.142578125,0,2.180118221472926,0.002185207176976345,False
22.924999237060547,72.53500366210938,2.2141034603118896,54.60000228881836,33.12094497680664,9657.142578125,0,2.212167544458017,0.0019359158538727606,False
22.924999237060547,72.54499816894531,2.233039617538452,55.5333366394043,33.12094497680664,9657.142578125,0,2.2315704309871633,0.0014691865512888036,False
22.924999237060547,72.55500030517578,2.2306838035583496,55.41666793823242,33.12094497680664,9657.142578125,0,2.2291450305195606,0.0015387730387890208,False
22.924999237060547,72.56500244140625,2.219197988510132,54.85000228881836,33.12094497680664,9657.142578125,0,2.217364740542401,0.0018332479677307667,False
22.924999237060547,72.57499694824219,2.2185192108154297,54.81666564941406,33.12094497680664,9657.142578125,0,2.216671712335287,0.0018474984801426508,False
22.924999237060547,72.58499908447266,2.219197988510132,54.85000228881836,33.12094497680664,9657.142578125,1,2.217364740542401,0.0018332479677307667,False
22.924999237060547,72.59500122070312,2.2303478717803955,55.39999771118164,33.12094497680664,9657.142578125,1,2.228798476764544,0.0015493950158513847,False
22.924999237060547,72.6050033569336,2.2137625217437744,54.58332824707031,33.12094497680664,9657.142578125,1,2.2118209114000815,0.00194161034369289,False
22.924999237060547,72.61499786376953,2.174293279647827,52.67499923706055,33.12094497680664,9657.142578125,1,2.172149071165922,0.0021442084819049967,False
22.924999237060547,72.625,2.1514179706573486,51.591670989990234,33.26767349243164,9657.142578125,1,2.1489286698756156,0.0024893007817330393,True
22.924999237060547,72.63500213623047,2.1501760482788086,51.5333366394043,33.26767349243164,9657.142578125,1,2.147715969641814,0.0024600786369943783,True
22.924999237060547,72.6449966430664,2.143061876296997,51.20000076293945,33.26767349243164,9657.142578125,1,2.1407863219940224,0.0022755543029746583,True
22.924999237060547,72.65499877929688,2.140207052230835,51.06666564941406,33.26767349243164,9657.142578125,1,2.138014447074322,0.0021926051565128724,True
22.924999237060547,72.66500091552734,2.1287283897399902,50.533329010009766,33.26767349243164,9657.142578125,1,2.126927026698439,0.0018013630415514292,False
22.924999237060547,72.67500305175781,2.1148040294647217,49.89166259765625,33.26767349243164,9657.142578125,1,2.1135875620353803,0.0012164674293413391,False
22.924999237060547,72.68499755859375,2.091545820236206,48.83333206176758,33.26767349243164,9657.142578125,1,2.0915861567669602,-4.033653075419252e-05,False
22.924999237060547,72.69499969482422,2.077636957168579,48.20832824707031,33.26767349243164,9657.142578125,1,2.078593087253081,-0.0009561300845017939,False
22.924999237060547,72.70500183105469,2.070164918899536,47.874996185302734,33.26767349243164,9657.142578125,1,2.071663518908208,-0.0014986000086718576,False
22.924999237060547,72.71499633789062,2.0729715824127197,47.999996185302734,33.26767349243164,9657.142578125,1,2.0742621169504,-0.0012905345376803545,False
22.924999237060547,72.7249984741211,2.0688540935516357,47.81666946411133,33.26767349243164,9657.142578125,1,2.070450977280244,-0.0015968837286082227,False
22.924999237060547,72.73500061035156,2.066791296005249,47.725006103515625,33.26767349243164,9657.142578125,1,2.0685454074451664,-0.0017541114399173274,False
22.924999237060547,72.74500274658203,2.060770273208618,47.45833206176758,33.26767349243164,9657.142578125,1,2.063001578302847,-0.0022313050942286417,False
22.934999465942383,72.40499877929688,2.1957929134368896,53.70833206176758,33.12094497680664,9657.142578125,0,2.1936308044076553,0.002162109029234305,False
22.934999465942383,72.41500091552734,2.2164840698242188,54.716670989990234,33.12094497680664,9657.142578125,0,2.2145929449256196,0.0018911248985991058,False
22.934999465942383,72.42500305175781,2.2489192485809326,56.32500076293945,33.12094497680664,9657.142578125,0,2.2480281657191012,0.0008910828618313715,False
22.934999465942383,72.43499755859375,2.2847542762756348,58.14167404174805,33.12094497680664,9657.142578125,0,2.28579459472402,-0.0010403184483851469,False
22.934999465942383,72.44499969482422,2.3050951957702637,59.19166946411133,33.12094497680664,9657.142578125,0,2.307622723114932,-0.0025275273446685453,False
22.934999465942383,72.45500183105469,2.298344612121582,58.8416633605957,33.12094497680664,9657.142578125,0,2.300346521712124,-0.002001909590541917,False
22.934999465942383,72.46499633789062,2.242753744125366,56.016666412353516,33.12094497680664,9657.142578125,0,2.2416182694009152,0.0011354747244509689,False
22.934999465942383,72.4749984741211,2.207625389099121,54.2833366394043,33.12094497680664,9657.142578125,0,2.2055844505652415,0.002040938533879544,False
22.934999465942383,72.48500061035156,2.1918272972106934,53.516666412353516,33.12094497680664,9657.142578125,0,2.189646308557072,0.002180988653621263,False
22.934999465942383,72.49500274658203,2.1900994777679443,53.43333435058594,33.12094497680664,9657.142578125,0,2.187913936296584,0.0021855414713605192,False
22.934999465942383,72.50499725341797,2.186293363571167,53.25,33.12094497680664,9657.142578125,0,2.18410263802059,0.0021907255505770884,True
22.934999465942383,72.51499938964844,2.177432060241699,52.82499694824219,33.12094497680664,9657.142578125,0,2.1752673412348016,0.0021647190068976307,False
22.934999465942383,72.5250015258789,2.182823896408081,53.08333206176758,33.12094497680664,9657.142578125,0,2.1806378141966944,0.0021860822113866085,True
22.934999465942383,72.53500366210938,2.20796799659729,54.29999923706055,33.12094497680664,9657.142578125,0,2.20593084571442,0.0020371508828698204,False
22.934999465942383,72.54499816894531,2.2207236289978027,54.92500305175781,33.12094497680664,9657.142578125,0,2.2189239152283,0.0017997137695027199,False
22.934999465942383,72.55500030517578,2.223261833190918,55.05000305175781,33.12094497680664,9657.142578125,0,2.2215225132704925,0.0017393199204254195,False
22.934999465942383,72.56500244140625,2.2154648303985596,54.66666793823242,33.12094497680664,9657.142578125,0,2.2135534422664076,0.00191138813215197,False
22.934999465942383,72.57499694824219,2.2283260822296143,55.29999923706055,33.12094497680664,9657.142578125,0,2.226719630051958,0.0016064521776564256,False
22.934999465942383,72.58499908447266,2.251909017562866,56.47499465942383,33.12094497680664,9657.142578125,1,2.251146356485062,0.0007626610778044274,False
22.934999465942383,72.59500122070312,2.2577075958251953,56.76667404174805,33.12094497680664,9657.142578125,1,2.2572100162599065,0.0004975795652888415,False
22.934999465942383,72.6050033569336,2.2537331581115723,56.56666564941406,33.12094497680664,9657.142578125,1,2.253052084925977,0.0006810731855950714,False
22.934999465942383,72.61499786376953,2.197514772415161,53.79166793823242,33.12094497680664,9657.142578125,1,2.195363255971062,0.0021515164440990553,False
22.934999465942383,72.625,2.169219493865967,52.43333435058594,33.26767349243164,9657.142578125,1,2.1664258279638466,0.002793665902120157,True
22.934999465942383,72.63500213623047,2.161665678024292,52.07499694824219,33.26767349243164,9657.142578125,1,2.1589764289864486,0.0026892490378433997,True
22.934999465942383,72.6449966430664,2.1641292572021484,52.19166564941406,33.26767349243164,9657.142578125,1,2.1614018294540513,0.0027274277480970888,True
22.934999465942383,72.65499877929688,2.155313014984131,51.77500534057617,33.26767349243164,9657.142578125,1,2.152739968151609,0.002573046832521797,True
22.934999465942383,72.66500091552734,2.133939743041992,50.77500534057617,33.26767349243164,9657.142578125,1,2.1319511838140714,0.0019885592279207387,False
22.934999465942383,72.67500305175781,2.111893653869629,49.75833511352539,33.26767349243164,9657.142578125,1,2.110815845721518,0.0010778081481110924,False
22.934999465942383,72.68499755859375,2.0904383659362793,48.783329010009766,33.26767349243164,9657.142578125,1,2.0905466541077486,-0.00010828817146935066,False
22.934999465942383,72.69499969482422,2.0767054557800293,48.16666793823242,33.26767349243164,9657.142578125,1,2.0777270200772144,-0.0010215642971851402,False
22.934999465942383,72.70500183105469,2.070726156234741,47.89999771118164,33.26767349243164,9657.142578125,1,2.072183270237814,-0.0014571140030725793,False
22.934999465942383,72.71499633789062,2.06303071975708,47.55833053588867,33.26767349243164,9657.142578125,1,2.0650804250154327,-0.0020497052583525743,False
22.934999465942383,72.7249984741211,2.051504373550415,47.04999923706055,33.26767349243164,9657.142578125,1,2.0545128352720745,-0.0030084617216594722,False
22.934999465942383,72.73500061035156,2.0564281940460205,47.266666412353516,33.26767349243164,9657.142578125,1,2.0590170824522636,-0.0025888884062430506,False
22.934999465942383,72.74500274658203,2.057185649871826,47.30000305175781,33.26767349243164,9657.142578125,1,2.0597101106593776,-0.002524460787551419,False
22.94499969482422,72.40499877929688,2.2081375122070312,54.30833435058594,33.12094497680664,9657.142578125,0,2.206104122591929,0.0020333896151023545,False
22.94499969482422,72.41500091552734,2.2139337062835693,54.591670989990234,33.12094497680664,9657.142578125,0,2.211994346883427,0.0019393594001422265,False
22.94499969482422,72.42500305175781,2.2269787788391113,55.233333587646484,33.12094497680664,9657.142578125,0,2.225333732243567,0.0016450465955442084,False
22.94499969482422,72.43499755859375,2.2550606727600098,56.63333511352539,33.12094497680664,9657.142578125,0,2.2544380620372872,0.0006226107227225164,False
22.94499969482422,72.44499969482422,2.2975387573242188,58.80000305175781,33.12094497680664,9657.142578125,0,2.299480454536258,-0.001941697212039184,False
22.94499969482422,72.45500183105469,2.309739112854004,59.43333053588867,33.12094497680664,9657.142578125,0,2.3126465630188893,-0.0029074501648853612,False
22.94499969482422,72.46499633789062,2.282313585281372,58.016666412353516,33.12094497680664,9657.142578125,0,2.2831958380759905,-0.0008822527946183989,False
22.94499969482422,72.4749984741211,2.234884738922119,55.625,33.12094497680664,9657.142578125,0,2.2334760008222414,0.0014087380998777377,False
22.94499969482422,72.48500061035156,2.214444160461426,54.616668701171875,33.12094497680664,9657.142578125,0,2.2125140189101145,0.0019301415513113263,False
22.94499969482422,72.49500274658203,2.203005790710449,54.05833053588867,33.12094497680664,9657.142578125,0,2.200906847204626,0.002098943505823403,False
22.94499969482422,72.50499725341797,2.2043755054473877,54.125,33.12094497680664,9657.142578125,0,2.202292824315935,0.0020826811314527127,False
22.94499969482422,72.51499938964844,2.1963090896606445,53.73332595825195,33.12094497680664,9657.142578125,0,2.1941503971314233,0.0021586925292211845,False
22.94499969482422,72.5250015258789,2.1913084983825684,53.49166488647461,33.12094497680664,9657.142578125,0,2.1891265572274663,0.002181941155102063,False
22.94499969482422,72.53500366210938,2.201462745666504,53.98333740234375,33.12094497680664,9657.142578125,0,2.199347831124564,0.002114914541940127,False
22.94499969482422,72.54499816894531,2.2175028324127197,54.766666412353516,33.12094497680664,9657.142578125,0,2.215632288978994,0.0018705434337258353,False
22.94499969482422,72.55500030517578,2.2185192108154297,54.81666946411133,33.12094497680664,9657.142578125,0,2.216671791638206,0.0018474191772237525,False
22.94499969482422,72.56500244140625,2.224783420562744,55.125,33.12094497680664,9657.142578125,0,2.2230816086534726,0.0017018119092715445,False
22.94499969482422,72.57499694824219,2.250580072402954,56.408329010009766,33.12094497680664,9657.142578125,0,2.249760458676671,0.0008196137262830305,False
22.94499969482422,72.58499908447266,2.287999153137207,58.30833435058594,33.12094497680664,9657.142578125,1,2.2892592599420785,-0.0012601068048714303,False
22.94499969482422,72.59500122070312,2.308459758758545,59.366668701171875,33.12094497680664,9657.142578125,1,2.3112607445134175,-0.0028009857548725314,False
22.94499969482422,72.6050033569336,2.3215293884277344,60.05000305175781,33.12094497680664,9657.142578125,1,2.3254664349581797,-0.003937046530445354,False
22.94499969482422,72.61499786376953,2.311178684234619,59.50833511352539,33.12094497680664,9657.142578125,1,2.314205817007707,-0.0030271327730879705,False
22.94499969482422,72.625,2.2083098888397217,54.31666564941406,33.26767349243164,9657.142578125,1,2.2055779961713187,0.002731892668403013,True
22.94499969482422,72.63500213623047,2.1760382652282715,52.75833511352539,33.26767349243164,9657.142578125,1,2.1731821987341298,0.002856066494141718,True
22.94499969482422,72.6449966430664,2.1597278118133545,51.98333740234375,33.26767349243164,9657.142578125,1,2.15707093845429,0.0026568733590646154,True
22.94499969482422,72.65499877929688,2.157257556915283,51.86666488647461,33.26767349243164,9657.142578125,1,2.1546454586837682,0.002612098231514981,True
22.94499969482422,72.66500091552734,2.1444880962371826,51.26667404174805,33.26767349243164,9657.142578125,1,2.1421723784082505,0.00231571782893214,True
22.94499969482422,72.67500305175781,2.1177077293395996,50.02499771118164,33.26767349243164,9657.142578125,1,2.1163594369550807,0.0013482923845189454,False
22.94499969482422,72.68499755859375,2.099461555480957,49.19166946411133,33.26767349243164,9657.142578125,1,2.0990355557443583,0.0004259997365987367,False
22.94499969482422,72.69499969482422,2.0919151306152344,48.85000228881836,33.26767349243164,9657.142578125,1,2.0919327105219767,-1.757990674233767e-05,False
22.94499969482422,72.70500183105469,2.0954174995422363,49.008331298828125,33.26767349243164,9657.142578125,1,2.0952241781654455,0.00019332137679084482,False
22.94499969482422,72.71499633789062,2.0882198810577393,48.68333053588867,33.26767349243164,9657.142578125,1,2.0884678073951624,-0.0002479263374230989,False
22.94499969482422,72.7249984741211,2.082474946975708,48.42500305175781,33.26767349243164,9657.142578125,1,2.0830974930391073,-0.0006225460633992874,False
22.94499969482422,72.73500061035156,2.0628437995910645,47.54999923706055,33.26767349243164,9657.142578125,1,2.0649072274408433,-0.002063427849778865,False
22.94499969482422,72.74500274658203,2.0643482208251953,47.61666488647461,33.26767349243164,9657.142578125,1,2.066293125249234,-0.001944904424038718,False
22.954999923706055,72.40499877929688,2.2000892162323,53.91666793823242,33.12094497680664,9657.142578125,0,2.1979618540132546,0.0021273622190451924,False
22.954999923706055,72.41500091552734,2.2098445892333984,54.391666412353516,33.12094497680664,9657.142578125,0,2.207836494852417,0.0020080943809812624,False
22.954999923706055,72.42500305175781,2.2036921977996826,54.0916633605957,33.12094497680664,9657.142578125,0,2.201599796108821,0.002092401690861667,False
22.954999923706055,72.43499755859375,2.203176736831665,54.06666564941406,33.12094497680664,9657.142578125,0,2.2010801240821336,0.0020966127495314346,False
22.954999923706055,72.44499969482422,2.223599910736084,55.06666564941406,33.12094497680664,9657.142578125,0,2.221868908419671,0.0017310023164127664,False
22.954999923706055,72.45500183105469,2.248087167739868,56.283329010009766,33.12094497680664,9657.142578125,0,2.247161860634479,0.0009253071053891837,False
22.954999923706055,72.46499633789062,2.2606804370880127,56.91666793823242,33.12094497680664,9657.142578125,0,2.2603282070258666,0.0003522300621461305,False
22.954999923706055,72.4749984741211,2.261341094970703,56.94999694824219,33.12094497680664,9657.142578125,0,2.2610210766271437,0.00032001834355943615,False
22.954999923706055,72.48500061035156,2.2467546463012695,56.216670989990234,33.12094497680664,9657.142578125,0,2.2457761214319256,0.0009785248693439108,False
22.954999923706055,72.49500274658203,2.2296738624572754,55.36666488647461,33.12094497680664,9657.142578125,0,2.228105527860349,0.0015683345969264018,False
22.954999923706055,72.50499725341797,2.22343111038208,55.05833053588867,33.12094497680664,9657.142578125,0,2.221695631542163,0.0017354788399170928,False
22.954999923706055,72.51499938964844,2.2175028324127197,54.766666412353516,33.12094497680664,9657.142578125,0,2.215632288978994,0.0018705434337258353,False
22.954999923706055,72.5250015258789,2.214444160461426,54.61666488647461,33.12094497680664,9657.142578125,0,2.2125139396071956,0.0019302208542302246,False
22.954999923706055,72.53500366210938,2.2117199897766113,54.48333740234375,33.12094497680664,9657.142578125,0,2.209742223293333,0.001977766483278298,False
22.954999923706055,72.54499816894531,2.227146625518799,55.241668701171875,33.12094497680664,9657.142578125,0,2.2255070091210754,0.0016396163977234757,False
22.954999923706055,72.55500030517578,2.2345504760742188,55.60833740234375,33.12094497680664,9657.142578125,0,2.2331296056730623,0.00142087040115646,False
22.954999923706055,72.56500244140625,2.249418258666992,56.35000228881836,33.12094497680664,9657.142578125,0,2.248547917048707,0.000870341618285142,False
22.954999923706055,72.57499694824219,2.282639265060425,58.033329010009766,33.12094497680664,9657.142578125,0,2.283542233225169,-0.0009029681647443333,False
22.954999923706055,72.58499908447266,2.3337035179138184,60.6916618347168,33.12094497680664,9657.142578125,1,2.3388057410154004,-0.005102223101582037,False
22.954999923706055,72.59500122070312,2.356224298477173,61.891666412353516,33.12094497680664,9657.142578125,1,2.363752377383948,-0.007528078906775093,False
22.954999923706055,72.6050033569336,2.355602264404297,61.858333587646484,33.12094497680664,9657.142578125,1,2.3630594284797524,-0.007457164075455491,False
22.954999923706055,72.61499786376953,2.3450045585632324,61.29166793823242,33.12094497680664,9657.142578125,1,2.351279138502593,-0.006274579939360425,False
22.954999923706055,72.625,2.286864757537842,58.25,33.26767349243164,9657.142578125,1,2.2873472357130775,-0.00048247817523572323,False
22.954999923706055,72.63500213623047,2.206770896911621,54.241668701171875,33.26767349243164,9657.142578125,1,2.204018900788338,0.002751996123282918,True
22.954999923706055,72.6449966430664,2.151594400405884,51.60000228881836,33.26767349243164,9657.142578125,1,2.149101867450205,0.002492532955678861,True
22.954999923706055,72.65499877929688,2.1551363468170166,51.766666412353516,33.26767349243164,9657.142578125,1,2.152566611971182,0.0025697348458346703,True
22.954999923706055,72.66500091552734,2.1362712383270264,50.88333511352539,33.26767349243164,9657.142578125,1,2.134203228101247,0.002068010225779293,False
22.954999923706055,72.67500305175781,2.1084296703338623,49.59999465942383,33.26767349243164,9657.142578125,1,2.1075241401692923,0.0009055301645699565,False
22.954999923706055,72.68499755859375,2.0965218544006348,49.05833435058594,33.26767349243164,9657.142578125,1,2.096263680824658,0.00025817357597679447,False
22.954999923706055,72.69499969482422,2.0902533531188965,48.77499771118164,33.26767349243164,9657.142578125,1,2.090373456533159,-0.00012010341426238469,False
22.954999923706055,72.70500183105469,2.0974414348602295,49.09999465942383,33.26767349243164,9657.142578125,1,2.097129748000524,0.0003116868597055067,False
22.954999923706055,72.71499633789062,2.1066043376922607,49.516666412353516,33.26767349243164,9657.142578125,1,2.1057918472117225,0.0008124904805382194,False
22.954999923706055,72.7249984741211,2.1020307540893555,49.30833435058594,33.26767349243164,9657.142578125,1,2.101460876909042,0.0005698771803133162,False
22.954999923706055,72.73500061035156,2.098727226257324,49.1583366394043,33.26767349243164,9657.142578125,1,2.0983426068401627,0.0003846194171615025,False
22.954999923706055,72.74500274658203,2.087665319442749,48.6583366394043,33.26767349243164,9657.142578125,1,2.087948214671394,-0.00028289522864488603,False
22.96500015258789,72.40499877929688,2.1653590202331543,52.25,33.12094497680664,9657.142578125,0,2.1633138536830523,0.0020451665501020067,False
22.96500015258789,72.41500091552734,2.1723685264587402,52.58332824707031,33.12094497680664,9657.142578125,0,2.1702433427250067,0.0021251837337334933,False
22.96500015258789,72.42500305175781,2.169044017791748,52.42500305175781,33.12094497680664,9657.142578125,0,2.1669519543844564,0.002092063407291622,False
22.96500015258789,72.43499755859375,2.1700947284698486,52.47500228881836,33.12094497680664,9657.142578125,0,2.16799137774075,0.0021033507290986186,False
22.96500015258789,72.44499969482422,2.177082061767578,52.80833435058594,33.12094497680664,9657.142578125,0,2.174920946085623,0.0021611156819552058,False
22.96500015258789,72.45500183105469,2.2081375122070312,54.30833053588867,33.12094497680664,9657.142578125,0,2.20610404328901,0.002033468918021253,False
22.96500015258789,72.46499633789062,2.23404598236084,55.58333206176758,33.12094497680664,9657.142578125,0,2.2326097750405376,0.0014362073203022518,False
22.96500015258789,72.4749984741211,2.2512454986572266,56.44166946411133,33.12094497680664,9657.142578125,0,2.250453566186704,0.0007919324705225605,False
22.96500015258789,72.48500061035156,2.263153553009033,57.04166793823242,33.12094497680664,9657.142578125,0,2.262926805068059,0.00022674794097410356,False
22.96500015258789,72.49500274658203,2.267596483230591,57.266666412353516,33.12094497680664,9657.142578125,0,2.267604249822837,-7.766592246216675e-06,False
22.96500015258789,72.50499725341797,2.266939401626587,57.233333587646484,33.12094497680664,9657.142578125,0,2.266911300918642,2.8100707945011294e-05,False
22.96500015258789,72.51499938964844,2.253899097442627,56.57500076293945,33.12094497680664,9657.142578125,0,2.253225361803486,0.000673735639141082,False
22.96500015258789,72.5250015258789,2.2405803203582764,55.9083366394043,33.12094497680664,9657.142578125,0,2.23936622511374,0.0012140952445363062,False
22.96500015258789,72.53500366210938,2.2420852184295654,55.98333740234375,33.12094497680664,9657.142578125,0,2.240925399799639,0.0011598186299264235,False
22.96500015258789,72.54499816894531,2.2593605518341064,56.84999465942383,33.12094497680664,9657.142578125,0,2.2589421506116385,0.00041840122246794564,False
22.96500015258789,72.55500030517578,2.2902684211730957,58.424991607666016,33.12094497680664,9657.142578125,0,2.2916844225009245,-0.0014160013278288197,False
22.96500015258789,72.56500244140625,2.2978618144989014,58.81666564941406,33.12094497680664,9657.142578125,0,2.2998268496854366,-0.0019650351865352356,False
22.96500015258789,72.57499694824219,2.299149990081787,58.883331298828125,33.12094497680664,9657.142578125,0,2.3012127474938278,-0.00206275741204065,False
22.96500015258789,72.58499908447266,2.318671226501465,59.90000534057617,33.12094497680664,9657.142578125,1,2.3223481648893,-0.003676938387835005,False
22.96500015258789,72.59500122070312,2.352182149887085,61.67499923706055,33.12094497680664,9657.142578125,1,2.359248130203759,-0.0070659803166739366,False
22.96500015258789,72.6050033569336,2.3442230224609375,61.25,33.12094497680664,9657.142578125,1,2.350412912720889,-0.006189890259951536,False
22.96500015258789,72.61499786376953,2.317556142807007,59.8416633605957,33.12094497680664,9657.142578125,1,2.321135306049661,-0.003579163242654282,False
22.96500015258789,72.625,2.2847533226013184,58.14166259765625,33.26767349243164,9657.142578125,1,2.2850950328200645,-0.0003417102187461829,False
22.96500015258789,72.63500213623047,2.2072834968566895,54.266666412353516,33.26767349243164,9657.142578125,1,2.2045385728150255,0.002744924041663932,True
22.96500015258789,72.6449966430664,2.1517722606658936,51.60833740234375,33.26767349243164,9657.142578125,1,2.149275144327713,0.002497116338180394,True
22.96500015258789,72.65499877929688,2.1351964473724365,50.83333969116211,33.26767349243164,9657.142578125,1,2.133163884047873,0.0020325633245636965,False
22.96500015258789,72.66500091552734,2.1278293132781982,50.49166488647461,33.26767349243164,9657.142578125,1,2.1260608802196543,0.0017684330585439056,False
22.96500015258789,72.67500305175781,2.1058738231658936,49.483333587646484,33.26767349243164,9657.142578125,1,2.1050988983075274,0.0007749248583661661,False
22.96500015258789,72.68499755859375,2.089144468307495,48.72500228881836,33.26767349243164,9657.142578125,1,2.089334112479785,-0.0001896441722899489,False
22.96500015258789,72.69499969482422,2.081732749938965,48.391666412353516,33.26767349243164,9657.142578125,1,2.0824044648319933,-0.0006717148930284189,False
22.96500015258789,72.70500183105469,2.0906224250793457,48.79166793823242,33.26767349243164,9657.142578125,1,2.0907200102881753,-9.75852088296314e-05,False
22.96500015258789,72.71499633789062,2.1082470417022705,49.5916633605957,33.26767349243164,9657.142578125,1,2.107350942594703,0.000896099107567494,False
22.96500015258789,72.7249984741211,2.1238605976104736,50.30833435058594,33.26767349243164,9657.142578125,1,2.1222496612465798,0.0016109363638938667,False
22.96500015258789,72.73500061035156,2.111893653869629,49.75833511352539,33.26767349243164,9657.142578125,1,2.110815845721518,0.0010778081481110924,False
22.96500015258789,72.74500274658203,2.091545820236206,48.83333969116211,33.26767349243164,9657.142578125,1,2.091586315372798,-4.049513659198922e-05,False
22.975000381469727,72.40499877929688,2.1330437660217285,50.733333587646484,33.12094497680664,9657.142578125,0,2.1317842027246487,0.0012595632970797688,False
22.975000381469727,72.41500091552734,2.1380615234375,50.966670989990234,33.12094497680664,9657.142578125,0,2.1366350036598543,0.0014265197776457406,False
22.975000381469727,72.42500305175781,2.141813278198242,51.14166259765625,33.12094497680664,9657.142578125,0,2.1402728664525017,0.0015404117457404887,False
22.975000381469727,72.43499755859375,2.159022331237793,51.95000076293945,33.12094497680664,9657.142578125,0,2.157077234242375,0.0019450969954180053,False
22.975000381469727,72.44499969482422,2.191481113433838,53.5,33.12094497680664,9657.142578125,0,2.189299834104974,0.0021812793288638055,False
22.975000381469727,72.45500183105469,2.213080883026123,54.54999923706055,33.12094497680664,9657.142578125,0,2.211128041798805,0.0019528412273182028,False
22.975000381469727,72.46499633789062,2.2190282344818115,54.841670989990234,33.12094497680664,9657.142578125,0,2.2171915429678117,0.0018366915139997886,False
22.975000381469727,72.4749984741211,2.221569776535034,54.9666633605957,33.12094497680664,9657.142578125,0,2.219789982404166,0.0017797941308681509,False
22.975000381469727,72.48500061035156,2.2563846111297607,56.69999694824219,33.12094497680664,9657.142578125,0,2.255823880542759,0.0005607305870016788,False
22.975000381469727,72.49500274658203,2.2944722175598145,58.64166259765625,33.12094497680664,9657.142578125,0,2.2961887489840325,-0.0017165314242180152,False
22.975000381469727,72.50499725341797,2.311178684234619,59.508331298828125,33.12094497680664,9657.142578125,0,2.314205737704788,-0.003027053470169072,False
22.975000381469727,72.51499938964844,2.2997937202453613,58.91666793823242,33.12094497680664,9657.142578125,0,2.301905775700942,-0.002112055455580464,False
22.975000381469727,72.5250015258789,2.290107011795044,58.41666793823242,33.12094497680664,9657.142578125,0,2.291511383532173,-0.0014043717371290398,False
22.975000381469727,72.53500366210938,2.2703871726989746,57.4083366394043,33.12094497680664,9657.142578125,0,2.270549401620046,-0.00016222892107142783,False
22.975000381469727,72.54499816894531,2.2891340255737305,58.36667251586914,33.12094497680664,9657.142578125,0,2.2904720394787987,-0.0013380139050682693,False
22.975000381469727,72.55500030517578,2.325967788696289,60.283329010009766,33.12094497680664,9657.142578125,0,2.3303169979846285,-0.004349209288339484,False
22.975000381469727,72.56500244140625,2.339207172393799,60.983333587646484,33.12094497680664,9657.142578125,0,2.3448692421844073,-0.005662069790608459,False
22.975000381469727,72.57499694824219,2.3148491382598877,59.70000076293945,33.12094497680664,9657.142578125,0,2.3181903128582904,-0.003341174598402663,False
22.975000381469727,72.58499908447266,2.30059814453125,58.95833206176758,33.12094497680664,9657.142578125,1,2.3027719221797267,-0.0021737776484767046,False
22.975000381469727,72.59500122070312,2.336851119995117,60.85833740234375,33.12094497680664,9657.142578125,1,2.3422707234451337,-0.005419603450016464,False
22.975000381469727,72.6050033569336,2.3164424896240234,59.783329010009766,33.12094497680664,9657.142578125,1,2.3199226058158597,-0.003480116191836302,False
22.975000381469727,72.61499786376953,2.2965712547302246,58.75,33.12094497680664,9657.142578125,1,2.298440951877046,-0.0018696971468212809,False
22.975000381469727,72.625,2.2772610187530518,57.758331298828125,33.26767349243164,9657.142578125,1,2.277126041118898,0.0001349776341537101,False
22.975000381469727,72.63500213623047,2.247586965560913,56.25833511352539,33.26767349243164,9657.142578125,1,2.245942943915511,0.0016440216454021161,False
22.975000381469727,72.6449966430664,2.1845602989196777,53.16666793823242,33.26767349243164,9657.142578125,1,2.1816709417649016,0.0028893571547761177,True
22.975000381469727,72.65499877929688,2.140564203262329,51.08333206176758,33.26767349243164,9657.142578125,1,2.1383609215264197,0.002203281735909446,True
22.975000381469727,72.66500091552734,2.1236817836761475,50.30000305175781,33.26767349243164,9657.142578125,1,2.12207646367199,0.0016053200041574733,False
22.975000381469727,72.67500305175781,2.1144402027130127,49.875,33.26767349243164,9657.142578125,1,2.1132411668862017,0.0011990358268110235,False
22.975000381469727,72.68499755859375,2.094313144683838,48.95833206176758,33.26767349243164,9657.142578125,1,2.094184754809153,0.00012838987468510865,False
22.975000381469727,72.69499969482422,2.0874783992767334,48.64999771118164,33.26767349243164,9657.142578125,1,2.0877748584909672,-0.00029645921423382404,False
22.975000381469727,72.70500183105469,2.086555242538452,48.608333587646484,33.26767349243164,9657.142578125,1,2.0869087120121823,-0.00035346947373016135,False
22.975000381469727,72.71499633789062,2.108065605163574,49.58333206176758,33.26767349243164,9657.142578125,1,2.1071777450201137,0.0008878601434605393,False
22.975000381469727,72.7249984741211,2.1296300888061523,50.57500076293945,33.26767349243164,9657.142578125,1,2.1277933317830615,0.0018367570230908292,False
22.975000381469727,72.73500061035156,2.1236817836761475,50.30000305175781,33.26767349243164,9657.142578125,1,2.12207646367199,0.0016053200041574733,False
22.975000381469727,72.74500274658203,2.0904383659362793,48.783329010009766,33.26767349243164,9657.142578125,1,2.0905466541077486,-0.00010828817146935066,False
22.985000610351562,72.40499877929688,2.1316072940826416,50.66666793823242,33.12094497680664,9657.142578125,0,2.1303983049162576,0.0012089891663840113,False
22.985000610351562,72.41500091552734,2.130707263946533,50.625,33.12094497680664,9657.142578125,0,2.1295320791345542,0.0011751848119789798,False
22.985000610351562,72.42500305175781,2.14857816696167,51.45833206176758,33.12094497680664,9657.142578125,0,2.146856039648196,0.0017221273134739867,False
22.985000610351562,72.43499755859375,2.163778305053711,52.17499923706055,33.12094497680664,9657.142578125,0,2.1617546789971533,0.0020236260565575925,False
22.985000610351562,72.44499969482422,2.2019782066345215,54.008331298828125,33.12094497680664,9657.142578125,0,2.1998674238483322,0.002110782786189258,False
22.985000610351562,72.45500183105469,2.233039617538452,55.5333366394043,33.12094497680664,9657.142578125,0,2.2315704309871633,0.0014691865512888036,False
22.985000610351562,72.46499633789062,2.2439210414886475,56.07499694824219,33.12094497680664,9657.142578125,0,2.242830890331798,0.001090151156849295,False
22.985000610351562,72.4749984741211,2.218859910964966,54.83333206176758,33.12094497680664,9657.142578125,0,2.2170181867873846,0.0018417241775812165,False
22.985000610351562,72.48500061035156,2.2412500381469727,55.94166564941406,33.12094497680664,9657.142578125,0,2.2400590947150163,0.0011909434319563594,False
22.985000610351562,72.49500274658203,2.2914018630981445,58.483333587646484,33.12094497680664,9657.142578125,0,2.2928972813405637,-0.0014954182424191664,False
22.985000610351562,72.50499725341797,2.3264431953430176,60.30833053588867,33.12094497680664,9657.142578125,0,2.330836749314235,-0.004393553971217212,False
22.985000610351562,72.51499938964844,2.3273913860321045,60.358333587646484,33.12094497680664,9657.142578125,0,2.3318762519734464,-0.004484865941341898,False
22.985000610351562,72.5250015258789,2.3100595474243164,59.44999694824219,33.12094497680664,9657.142578125,0,2.3129930374709873,-0.0029334900466708724,False
22.985000610351562,72.53500366210938,2.3004374504089355,58.95000076293945,33.12094497680664,9657.142578125,0,2.302598724605137,-0.0021612741962013793,False
22.985000610351562,72.54499816894531,2.3007583618164062,58.9666633605957,33.12094497680664,9657.142578125,0,2.302945119754316,-0.002186757937909789,False
22.985000610351562,72.55500030517578,2.320420265197754,59.991668701171875,33.12094497680664,9657.142578125,0,2.3242537347243784,-0.0038334695266244445,False
22.985000610351562,72.56500244140625,2.3373241424560547,60.883331298828125,33.12094497680664,9657.142578125,0,2.342790316168902,-0.005466173712847411,False
22.985000610351562,72.57499694824219,2.317875623703003,59.85833740234375,33.12094497680664,9657.142578125,0,2.3214819391075965,-0.003606315404593552,False
22.985000610351562,72.58499908447266,2.3102197647094727,59.45833206176758,33.12094497680664,9657.142578125,1,2.313166314348495,-0.002946549639022411,False
22.985000610351562,72.59500122070312,2.3116583824157715,59.5333366394043,33.12094497680664,9657.142578125,1,2.314725568337313,-0.0030671859215414266,False
22.985000610351562,72.6050033569336,2.30493426322937,59.18333435058594,33.12094497680664,9657.142578125,1,2.3074494462374235,-0.002515183008053423,False
22.985000610351562,72.61499786376953,2.290916919708252,58.45833969116211,33.12094497680664,9657.142578125,1,2.2923776886167953,-0.0014607689085432973,False
22.985000610351562,72.625,2.2863783836364746,58.22500228881836,33.26767349243164,9657.142578125,1,2.28682756368639,-0.00044918004991556515,False
22.985000610351562,72.63500213623047,2.286052703857422,58.20833206176758,33.26767349243164,9657.142578125,1,2.2864810099313737,-0.00042830607395183407,False
22.985000610351562,72.6449966430664,2.2550606727600098,56.63333511352539,33.26767349243164,9657.142578125,1,2.2537387380420877,0.0013219347179220797,False
22.985000610351562,72.65499877929688,2.18612003326416,53.241668701171875,33.26767349243164,9657.142578125,1,2.183230116450801,0.00288991681335915,True
22.985000610351562,72.66500091552734,2.1561970710754395,51.81666564941406,33.26767349243164,9657.142578125,1,2.153606035327475,0.0025910357479643764,True
22.985000610351562,72.67500305175781,2.127108097076416,50.45833969116211,33.26767349243164,9657.142578125,1,2.1253680899212966,0.0017400071551194607,False
22.985000610351562,72.68499755859375,2.09596848487854,49.03334045410156,33.26767349243164,9657.142578125,1,2.0957440881008895,0.00022439677765051513,False
22.985000610351562,72.69499969482422,2.0856282711029053,48.56666564941406,33.26767349243164,9657.142578125,1,2.0860424862304785,-0.0004142151275732253,False
22.985000610351562,72.70500183105469,2.0791261196136475,48.27500534057617,33.26767349243164,9657.142578125,1,2.0799792229702283,-0.0008531033565808421,False
22.985000610351562,72.71499633789062,2.1003808975219727,49.233333587646484,33.26767349243164,9657.142578125,1,2.099901702223143,0.000479195298829449,False
22.985000610351562,72.7249984741211,2.123500108718872,50.29166793823242,33.26767349243164,9657.142578125,1,2.1219031867944818,0.0015969219243903154,False
22.985000610351562,72.73500061035156,2.120788097381592,50.16666793823242,33.26767349243164,9657.142578125,1,2.1193045887522897,0.0014835086293021327,False
22.985000610351562,72.74500274658203,2.090991973876953,48.80833435058594,33.26767349243164,9657.142578125,1,2.0910664847402733,-7.451086332022072e-05,False
22.9950008392334,72.40499877929688,2.130887985229492,50.63333511352539,33.12094497680664,9657.142578125,0,2.1297053560120625,0.0011826292174297315,False
22.9950008392334,72.41500091552734,2.1283693313598633,50.516666412353516,33.12094497680664,9657.142578125,0,2.1272799555444597,0.0010893758154035815,False
22.9950008392334,72.42500305175781,2.1384174823760986,50.983333587646484,33.12094497680664,9657.142578125,0,2.136981398809033,0.0014360835670657046,False
22.9950008392334,72.43499755859375,2.166062831878662,52.2833366394043,33.12094497680664,9657.142578125,0,2.1640068818901668,0.0020559499884953425,False
22.9950008392334,72.44499969482422,2.1940691471099854,53.625,33.12094497680664,9657.142578125,0,2.1918984321471666,0.0021707149628187317,False
22.9950008392334,72.45500183105469,2.223092555999756,55.04167175292969,33.12094497680664,9657.142578125,0,2.2213493156959028,0.0017432403038530886,False
22.9950008392334,72.46499633789062,2.228663921356201,55.31666564941406,33.12094497680664,9657.142578125,0,2.2270661045040554,0.0015978168521457725,False
22.9950008392334,72.4749984741211,2.22343111038208,55.0583381652832,33.12094497680664,9657.142578125,0,2.2216957901480003,0.0017353202340797402,False
22.9950008392334,72.48500061035156,2.2303478717803955,55.39999771118164,33.12094497680664,9657.142578125,0,2.228798476764544,0.0015493950158513847,False
22.9950008392334,72.49500274658203,2.271043300628662,57.4416618347168,33.12094497680664,9657.142578125,0,2.271242191918404,-0.00019889128974170944,False
22.9950008392334,72.50499725341797,2.3103795051574707,59.4666633605957,33.12094497680664,9657.142578125,0,2.313339511923085,-0.0029600067656141427,False
22.9950008392334,72.51499938964844,2.3240678310394287,60.18333435058594,33.12094497680664,9657.142578125,0,2.328238230574961,-0.004170399535532443,False
22.9950008392334,72.5250015258789,2.317875623703003,59.85833740234375,33.12094497680664,9657.142578125,0,2.3214819391075965,-0.003606315404593552,False
22.9950008392334,72.53500366210938,2.3277080059051514,60.374996185302734,33.12094497680664,9657.142578125,0,2.332222647122625,-0.004514641217473692,False
22.9950008392334,72.54499816894531,2.3105387687683105,59.47500228881836,33.12094497680664,9657.142578125,0,2.3135128681035115,-0.002974099335200986,False
22.9950008392334,72.55500030517578,2.2847533226013184,58.141666412353516,33.12094497680664,9657.142578125,0,2.2857944361181826,-0.0010411135168642005,False
22.9950008392334,72.56500244140625,2.290107011795044,58.41667175292969,33.12094497680664,9657.142578125,0,2.2915114628350914,-0.001404451040047494,False
22.9950008392334,72.57499694824219,2.286052703857422,58.20832824707031,33.12094497680664,9657.142578125,0,2.2871802546236544,-0.001127550766232499,False
22.9950008392334,72.58499908447266,2.278566598892212,57.82500076293945,33.12094497680664,9657.142578125,1,2.2792113422254077,-0.0006447433331957519,False
22.9950008392334,72.59500122070312,2.2680890560150146,57.29166793823242,33.12094497680664,9657.142578125,1,2.2681240011524433,-3.494513742863248e-05,False
22.9950008392334,72.6050033569336,2.2815001010894775,57.97500228881836,33.12094497680664,9657.142578125,1,2.2823296915972056,-0.0008295905077280175,False
22.9950008392334,72.61499786376953,2.282802104949951,58.04166793823242,33.12094497680664,9657.142578125,1,2.2837155894055963,-0.0009134844556450972,False
22.9950008392334,72.625,2.285891056060791,58.20000076293945,33.26767349243164,9657.142578125,1,2.2863078123567844,-0.00041675629599335906,False
22.9950008392334,72.63500213623047,2.2917256355285645,58.5,33.26767349243164,9657.142578125,1,2.2925444317974617,-0.0008187962688972483,False
22.9950008392334,72.6449966430664,2.2818257808685303,57.99166488647461,33.26767349243164,9657.142578125,1,2.2819767627511847,-0.0001509818826543885,False
22.9950008392334,72.65499877929688,2.2185192108154297,54.81666946411133,33.26767349243164,9657.142578125,1,2.2159724676430064,0.002546743172423316,True
22.9950008392334,72.66500091552734,2.164832592010498,52.22500228881836,33.26767349243164,9657.142578125,1,2.162094857661166,0.0027377343493322215,True
22.9950008392334,72.67500305175781,2.140740394592285,51.0916633605957,33.26767349243164,9657.142578125,1,2.1385341191010094,0.002206275491275722,True
22.9950008392334,72.68499755859375,2.1034953594207764,49.374996185302734,33.26767349243164,9657.142578125,1,2.1028466954145144,0.0006486640062619564,False
22.9950008392334,72.69499969482422,2.0861847400665283,48.591670989990234,33.26767349243164,9657.142578125,1,2.086562316863003,-0.00037757679647487663,False
22.9950008392334,72.70500183105469,2.079313039779663,48.2833366394043,33.26767349243164,9657.142578125,1,2.080152420544817,-0.0008393807651541074,False
22.9950008392334,72.71499633789062,2.0904383659362793,48.7833366394043,33.26767349243164,9657.142578125,1,2.0905468127135864,-0.00010844677730714736,False
22.9950008392334,72.7249984741211,2.1040444374084473,49.39999771118164,33.26767349243164,9657.142578125,1,2.1033664467441198,0.0006779906643274991,False
22.9950008392334,72.73500061035156,2.10184645652771,49.29999923706055,33.26767349243164,9657.142578125,1,2.101287600031534,0.0005588564961760412,False
22.9950008392334,72.74500274658203,2.0731582641601562,48.008331298828125,33.26767349243164,9657.142578125,1,2.0744353938279083,-0.0012771296677520638,False
23.0049991607666,72.40499877929688,2.1142587661743164,49.866668701171875,33.12094497680664,9657.142578125,0,2.1137672933068115,0.0004914728675049496,False
23.0049991607666,72.41500091552734,2.104409694671631,49.41666793823242,33.12094497680664,9657.142578125,0,2.104412324494336,-2.629822704935947e-06,False
23.0049991607666,72.42500305175781,2.1197025775909424,50.116668701171875,33.12094497680664,9657.142578125,0,2.118964489391196,0.0007380881997463007,False
23.0049991607666,72.43499755859375,2.1561970710754395,51.81666564941406,33.12094497680664,9657.142578125,0,2.1543053593226746,0.001891711752764813,False
23.0049991607666,72.44499969482422,2.2098445892333984,54.391666412353516,33.12094497680664,9657.142578125,0,2.207836494852417,0.0020080943809812624,False
23.0049991607666,72.45500183105469,2.2400801181793213,55.88333511352539,33.12094497680664,9657.142578125,0,2.238846473784134,0.001233644395187472,False
23.0049991607666,72.46499633789062,2.247253894805908,56.241668701171875,33.12094497680664,9657.142578125,0,2.246295793458613,0.0009581013472952371,False
23.0049991607666,72.4749984741211,2.2497496604919434,56.366668701171875,33.12094497680664,9657.142578125,0,2.2488943915008046,0.0008552689911387468,False
23.0049991607666,72.48500061035156,2.2629892826080322,57.0333366394043,33.12094497680664,9657.142578125,0,2.2627536074934693,0.00023567511456290546,False
23.0049991607666,72.49500274658203,2.2886486053466797,58.341670989990234,33.12094497680664,9657.142578125,0,2.2899522881491925,-0.0013036828025128067,False
23.0049991607666,72.50499725341797,2.301562786102295,59.008331298828125,33.12094497680664,9657.142578125,0,2.3038113455360194,-0.002248559433724484,False
23.0049991607666,72.51499938964844,2.279055595397949,57.85000228881836,33.12094497680664,9657.142578125,0,2.2797310935550135,-0.0006754981570642471,False
23.0049991607666,72.5250015258789,2.311018705368042,59.500003814697266,33.12094497680664,9657.142578125,0,2.3140326194331178,-0.0030139140650757845,False
23.0049991607666,72.53500366210938,2.3146889209747314,59.6916618347168,33.12094497680664,9657.142578125,0,2.318016956677863,-0.003328035703131338,False
23.0049991607666,72.54499816894531,2.2999536991119385,58.92499923706055,33.12094497680664,9657.142578125,0,2.302078973275531,-0.0021252741635926498,False
23.0049991607666,72.55500030517578,2.257376194000244,56.75,33.12094497680664,9657.142578125,0,2.256863383201971,0.0005128107982730334,False
23.0049991607666,72.56500244140625,2.239074945449829,55.83333969116211,33.12094497680664,9657.142578125,0,2.2378071297307596,0.0012678157190695316,False
23.0049991607666,72.57499694824219,2.2327027320861816,55.516666412353516,33.12094497680664,9657.142578125,0,2.231223877232147,0.0014788548540347612,False
23.0049991607666,72.58499908447266,2.250913381576538,56.42499923706055,33.12094497680664,9657.142578125,1,2.2501070124316875,0.0008063691448505494,False
23.0049991607666,72.59500122070312,2.257376194000244,56.75,33.12094497680664,9657.142578125,1,2.256863383201971,0.0005128107982730334,False
23.0049991607666,72.6050033569336,2.230180025100708,55.391666412353516,33.12094497680664,9657.142578125,1,2.228625279189955,0.001554745910753219,False
23.0049991607666,72.61499786376953,2.2244443893432617,55.10832595825195,33.12094497680664,9657.142578125,1,2.2227349755955372,0.0017094137477244864,False
23.0049991607666,72.625,2.2353885173797607,55.649993896484375,33.26767349243164,9657.142578125,1,2.2332962695508103,0.0020922478289504554,False
23.0049991607666,72.63500213623047,2.2641427516937256,57.091670989990234,33.26767349243164,9657.142578125,1,2.263266983732071,0.00087576796165445,False
23.0049991607666,72.6449966430664,2.2560536861419678,56.68333435058594,33.26767349243164,9657.142578125,1,2.2547781613983804,0.0012755247435873862,False
23.0049991607666,72.65499877929688,2.233039617538452,55.5333366394043,33.26767349243164,9657.142578125,1,2.230871106991964,0.002168510546488367,False
23.0049991607666,72.66500091552734,2.168693780899048,52.408329010009766,33.26767349243164,9657.142578125,1,2.1659059973313215,0.002787783567726354,True
23.0049991607666,72.67500305175781,2.1597278118133545,51.983333587646484,33.26767349243164,9657.142578125,1,2.157070859151371,0.0026569526619835138,True
23.0049991607666,72.68499755859375,2.1301677227020264,50.59999465942383,33.26767349243164,9657.142578125,1,2.12831292450683,0.0018547981951964054,False
23.0049991607666,72.69499969482422,2.0983593463897705,49.141666412353516,33.26767349243164,9657.142578125,1,2.0979960530851463,0.000363293304624257,False
23.0049991607666,72.70500183105469,2.081732749938965,48.391666412353516,33.26767349243164,9657.142578125,1,2.0824044648319933,-0.0006717148930284189,False
23.0049991607666,72.71499633789062,2.0828447341918945,48.44166564941406,33.26767349243164,9657.142578125,1,2.083443888188286,-0.0005991539963914327,False
23.0049991607666,72.7249984741211,2.09265398979187,48.88333511352539,33.26767349243164,9657.142578125,1,2.0926256594261727,2.833036569738212e-05,False
23.0049991607666,72.73500061035156,2.0845155715942383,48.516666412353516,33.26767349243164,9657.142578125,1,2.0850030628741854,-0.0004874912799470721,False
23.0049991607666,72.74500274658203,2.0850720405578613,48.54166793823242,33.26767349243164,9657.142578125,1,2.085522814203791,-0.00045077364592982505,False
23.014999389648438,72.40499877929688,2.1144402027130127,49.875,33.12094497680664,9657.142578125,0,2.1139404908814012,0.0004997118316114602,False
23.014999389648438,72.41500091552734,2.1060571670532227,49.491668701171875,33.12094497680664,9657.142578125,0,2.105971499180235,8.566787298747158e-05,False
23.014999389648438,72.42500305175781,2.1111655235290527,49.72500228881836,33.12094497680664,9657.142578125,0,2.110822220812522,0.00034330271653093547,False
23.014999389648438,72.43499755859375,2.149643659591675,51.50833511352539,33.12094497680664,9657.142578125,0,2.1478955423074075,0.0017481172842672699,False
23.014999389648438,72.44499969482422,2.224783420562744,55.125,33.12094497680664,9657.142578125,0,2.2230816086534726,0.0017018119092715445,False
23.014999389648438,72.45500183105469,2.280522584915161,57.92499923706055,33.12094497680664,9657.142578125,0,2.281290188937994,-0.000767604022832824,False
23.014999389648438,72.46499633789062,2.3012406826019287,58.991668701171875,33.12094497680664,9657.142578125,0,2.3034649503868407,-0.0022242677849120263,False
23.014999389648438,72.4749984741211,2.309579849243164,59.42500305175781,33.12094497680664,9657.142578125,0,2.312473444747219,-0.002893595504054769,False
23.014999389648438,72.48500061035156,2.3114984035491943,59.52499771118164,33.12094497680664,9657.142578125,0,2.3145522121568862,-0.003053808607691888,False
23.014999389648438,72.49500274658203,2.3154876232147217,59.73333740234375,33.12094497680664,9657.142578125,0,2.3188833410654044,-0.0033957178506827113,False
23.014999389648438,72.50499725341797,2.2847533226013184,58.141666412353516,33.12094497680664,9657.142578125,0,2.2857944361181826,-0.0010411135168642005,False
23.014999389648438,72.51499938964844,2.260845184326172,56.92500305175781,33.12094497680664,9657.142578125,0,2.2605014839033752,0.0003437004227966334,False
23.014999389648438,72.5250015258789,2.278893232345581,57.8416633605957,33.12094497680664,9657.142578125,0,2.2795577373745863,-0.0006645050290052801,False
23.014999389648438,72.53500366210938,2.2813377380371094,57.9666633605957,33.12094497680664,9657.142578125,0,2.2821563354167784,-0.0008185973796690504,False
23.014999389648438,72.54499816894531,2.2761170864105225,57.69999694824219,33.12094497680664,9657.142578125,0,2.2766126648802962,-0.000495578469773772,False
23.014999389648438,72.55500030517578,2.2534024715423584,56.55000305175781,33.12094497680664,9657.142578125,0,2.2527056897767985,0.0006967817655598729,False
23.014999389648438,72.56500244140625,2.226808786392212,55.22499465942383,33.12094497680664,9657.142578125,0,2.22516037606314,0.0016484103290719254,False
23.014999389648438,72.57499694824219,2.2115495204925537,54.47500228881836,33.12094497680664,9657.142578125,0,2.2095689464158244,0.001980574076729358,False
23.014999389648438,72.58499908447266,2.2115495204925537,54.47500228881836,33.12094497680664,9657.142578125,1,2.2095689464158244,0.001980574076729358,False
23.014999389648438,72.59500122070312,2.2212319374084473,54.95000076293945,33.12094497680664,9657.142578125,1,2.2194435872549874,0.0017883501534599056,False
23.014999389648438,72.6050033569336,2.22393798828125,55.08333206176758,33.12094497680664,9657.142578125,1,2.222215382871769,0.0017226054094812149,False
23.014999389648438,72.61499786376953,2.215975284576416,54.69166946411133,33.12094497680664,9657.142578125,1,2.2140731935960134,0.0019020909804026154,False
23.014999389648438,72.625,2.2103559970855713,54.41666793823242,33.26767349243164,9657.142578125,1,2.2076569221868234,0.0026990748987478774,True
23.014999389648438,72.63500213623047,2.236563205718994,55.70833206176758,33.26767349243164,9657.142578125,1,2.23450904908753,0.0020541566314640214,False
23.014999389648438,72.6449966430664,2.2380712032318115,55.7833366394043,33.26767349243164,9657.142578125,1,2.236068303076348,0.0020029001554635606,False
23.014999389648438,72.65499877929688,2.232534170150757,55.508331298828125,33.26767349243164,9657.142578125,1,2.230351276359439,0.0021828937913177526,False
23.014999389648438,72.66500091552734,2.173593044281006,52.641666412353516,33.26767349243164,9657.142578125,1,2.170756798266527,0.0028362460144788493,True
23.014999389648438,72.67500305175781,2.1480445861816406,51.43333435058594,33.26767349243164,9657.142578125,1,2.145637043626309,0.0024075425553315988,True
23.014999389648438,72.68499755859375,2.140026807785034,51.05833435058594,33.26767349243164,9657.142578125,1,2.1378412494997323,0.0021855582853018696,False
23.014999389648438,72.69499969482422,2.113168478012085,49.81666946411133,33.26767349243164,9657.142578125,1,2.112028545955319,0.001139932056765769,False
23.014999389648438,72.70500183105469,2.088589906692505,48.69999694824219,33.26767349243164,9657.142578125,1,2.08881428184726,-0.000224375154755041,False
23.014999389648438,72.71499633789062,2.0781960487365723,48.23332595825195,33.26767349243164,9657.142578125,1,2.079112759279768,-0.0009167105431955314,False
23.014999389648438,72.7249984741211,2.083031177520752,48.44999694824219,33.26767349243164,9657.142578125,1,2.0836170857628757,-0.0005859082421237893,False
23.014999389648438,72.73500061035156,2.0919151306152344,48.85000228881836,33.26767349243164,9657.142578125,1,2.0919327105219767,-1.757990674233767e-05,False
23.014999389648438,72.74500274658203,2.0968894958496094,49.07499694824219,33.26767349243164,9657.142578125,1,2.0966100759738366,0.0002794198757727351,False
23.024999618530273,72.40499877929688,2.122596025466919,50.250003814697266,33.12094497680664,9657.142578125,0,2.1217363643108964,0.0008596611560225398,False
23.024999618530273,72.41500091552734,2.118795871734619,50.07500076293945,33.12094497680664,9657.142578125,0,2.1180982636094927,0.0006976081251264254,False
23.024999618530273,72.42500305175781,2.1177079677581787,50.02500534057617,33.12094497680664,9657.142578125,0,2.117058919556118,0.0006490482020606869,False
23.024999618530273,72.43499755859375,2.1597278118133545,51.98332595825195,33.12094497680664,9657.142578125,0,2.1577700245407327,0.001957787272621747,False
23.024999618530273,72.44499969482422,2.22917103767395,55.3416633605957,33.12094497680664,9657.142578125,0,2.2275857765307427,0.0015852611432074504,False
23.024999618530273,72.45500183105469,2.2886486053466797,58.3416633605957,33.12094497680664,9657.142578125,0,2.289952129543355,-0.001303524196675454,False
23.024999618530273,72.46499633789062,2.337951898574829,60.91666793823242,33.12094497680664,9657.142578125,0,2.343483344376016,-0.005531445801187029,False
23.024999618530273,72.4749984741211,2.368290901184082,62.54166793823242,33.12094497680664,9657.142578125,0,2.3772651189245146,-0.00897421774043261,False
23.024999618530273,72.48500061035156,2.3725991249084473,62.77500534057617,33.12094497680664,9657.142578125,0,2.38211591985972,-0.009516794951272889,False
23.024999618530273,72.49500274658203,2.329920768737793,60.49165725708008,33.12094497680664,9657.142578125,0,2.3346478889843905,-0.004727120246597494,False
23.024999618530273,72.50499725341797,2.3124570846557617,59.57500076293945,33.12094497680664,9657.142578125,0,2.315591714816098,-0.003134630160336105,False
23.024999618530273,72.51499938964844,2.26792573928833,57.2833366394043,33.12094497680664,9657.142578125,0,2.2679508035778535,-2.506428952342432e-05,False
23.024999618530273,72.5250015258789,2.2558884620666504,56.67499923706055,33.12094497680664,9657.142578125,0,2.255304208516072,0.0005842535505782287,False
23.024999618530273,72.53500366210938,2.2494161128997803,56.34999465942383,33.12094497680664,9657.142578125,0,2.2485477584428697,0.0008683544569105806,False
23.024999618530273,72.54499816894531,2.2525722980499268,56.50834274291992,33.12094497680664,9657.142578125,0,2.2518396226009325,0.0007326754489942466,False
23.024999618530273,72.55500030517578,2.2338783740997314,55.57500076293945,33.12094497680664,9657.142578125,0,2.2324365774659483,0.0014417966337831878,False
23.024999618530273,72.56500244140625,2.209162473678589,54.358333587646484,33.12094497680664,9657.142578125,0,2.2071435459482216,0.0020189277303672704,False
23.024999618530273,72.57499694824219,2.1952757835388184,53.68333435058594,33.12094497680664,9657.142578125,0,2.193111132380968,0.0021646511578503613,False
23.024999618530273,72.58499908447266,2.1932058334350586,53.58333206176758,33.12094497680664,9657.142578125,1,2.191032206365463,0.002173627069595785,False
23.024999618530273,72.59500122070312,2.2093334197998047,54.36666488647461,33.12094497680664,9657.142578125,1,2.2073167435228114,0.002016676276993312,False
23.024999618530273,72.6050033569336,2.212571859359741,54.52499771118164,33.12094497680664,9657.142578125,1,2.210608290469199,0.0019635688905421667,False
23.024999618530273,72.61499786376953,2.2161431312561035,54.69999694824219,33.12094497680664,9657.142578125,1,2.2142463118676843,0.0018968193884192353,False
23.024999618530273,72.625,2.2273151874542236,55.25,33.26767349243164,9657.142578125,1,2.2249808827004656,0.0023343047537580652,True
23.024999618530273,72.63500213623047,2.244755268096924,56.11667251586914,33.26767349243164,9657.142578125,1,2.2429979507241398,0.0017573173727840619,False
23.024999618530273,72.6449966430664,2.243253707885742,56.04166793823242,33.26767349243164,9657.142578125,1,2.241438696735322,0.0018150111504202648,False
23.024999618530273,72.65499877929688,2.236563205718994,55.70833206176758,33.26767349243164,9657.142578125,1,2.23450904908753,0.0020541566314640214,False
23.024999618530273,72.66500091552734,2.191136121749878,53.483333587646484,33.26767349243164,9657.142578125,1,2.188254035657677,0.002882086092200975,True
23.024999618530273,72.67500305175781,2.119882822036743,50.125,33.26767349243164,9657.142578125,1,2.118438362970586,0.001444459066157311,False
23.024999618530273,72.68499755859375,2.131427764892578,50.6583366394043,33.26767349243164,9657.142578125,1,2.129525783346469,0.0019019815461089884,False
23.024999618530273,72.69499969482422,2.1211490631103516,50.18333435058594,33.26767349243164,9657.142578125,1,2.1196510632043872,0.0014979999059643312,False
23.024999618530273,72.70500183105469,2.0952343940734863,49.0,33.26767349243164,9657.142578125,1,2.0950509805908566,0.00018341348262973511,False
23.024999618530273,72.71499633789062,2.0711021423339844,47.91666793823242,33.26767349243164,9657.142578125,1,2.0725298239928303,-0.0014276816588458807,False
23.024999618530273,72.7249984741211,2.066602945327759,47.716670989990234,33.26767349243164,9657.142578125,1,2.0683721305676577,-0.001769185239898885,False
23.024999618530273,72.73500061035156,2.071850538253784,47.94999694824219,33.26767349243164,9657.142578125,1,2.073222693594107,-0.001372155340322756,False
23.024999618530273,72.74500274658203,2.0872936248779297,48.641666412353516,33.26767349243164,9657.142578125,1,2.0876016609163774,-0.0003080360384477565,False
23.03499984741211,72.40499877929688,2.1341192722320557,50.78334045410156,33.12094497680664,9657.142578125,2,2.1328237846867792,0.0012954875452764192,False
23.03499984741211,72.41500091552734,2.1238605976104736,50.3083381652832,33.12094497680664,9657.142578125,2,2.122949064544698,0.0009115330657758491,False
23.03499984741211,72.42500305175781,2.1213314533233643,50.19167709350586,33.12094497680664,9657.142578125,2,2.1205238226829324,0.0008076306404318778,False
23.03499984741211,72.43499755859375,2.1514179706573486,51.5916633605957,33.12094497680664,9657.142578125,2,2.1496278352649774,0.0017901353923712726,False
23.03499984741211,72.44499969482422,2.2303478717803955,55.40000534057617,33.12094497680664,9657.142578125,2,2.228798635370382,0.001549236410013588,False
23.03499984741211,72.45500183105469,2.298021078109741,58.82499694824219,33.12094497680664,9657.142578125,2,2.3000000472600264,-0.0019789691502851703,False
23.03499984741211,72.46499633789062,2.356844902038574,61.92500305175781,33.12094497680664,9657.142578125,2,2.3644454055910624,-0.0076005035524882025,False
23.03499984741211,72.4749984741211,2.3871331214904785,63.56666946411133,33.12094497680664,9657.142578125,2,2.398573654591658,-0.01144053310117954,False
23.03499984741211,72.48500061035156,2.381336212158203,63.25,33.12094497680664,9657.142578125,2,2.3919904813959643,-0.010654269237761138,False
23.03499984741211,72.49500274658203,2.371830463409424,62.73333740234375,33.12094497680664,9657.142578125,2,2.3812496940780163,-0.009419230668592515,False
23.03499984741211,72.50499725341797,2.3346495628356934,60.741668701171875,33.12094497680664,9657.142578125,2,2.339845322977531,-0.005195760141837535,False
23.03499984741211,72.51499938964844,2.2761170864105225,57.69999694824219,33.12094497680664,9657.142578125,2,2.2766126648802962,-0.000495578469773772,False
23.03499984741211,72.5250015258789,2.2563846111297607,56.70000076293945,33.12094497680664,9657.142578125,2,2.2558239598456775,0.0005606512840832245,False
23.03499984741211,72.53500366210938,2.267268180847168,57.25,33.12094497680664,9657.142578125,2,2.2672577753707395,1.0405476428498872e-05,False
23.03499984741211,72.54499816894531,2.2739927768707275,57.5916633605957,33.12094497680664,9657.142578125,2,2.274360541290202,-0.00036776441947461436,False
23.03499984741211,72.55500030517578,2.2565503120422363,56.70833206176758,33.12094497680664,9657.142578125,2,2.2559971574202673,0.000553154621969032,False
23.03499984741211,72.56500244140625,2.2081375122070312,54.30833435058594,33.12094497680664,9657.142578125,2,2.206104122591929,0.0020333896151023545,False
23.03499984741211,72.57499694824219,2.1902735233306885,53.44166564941406,33.12094497680664,9657.142578125,2,2.1880871338711727,0.0021863894595157696,True
23.03499984741211,72.58499908447266,2.191136121749878,53.48333740234375,33.12094497680664,9657.142578125,3,2.1889534389557954,0.0021826827940825133,False
23.03499984741211,72.59500122070312,2.2086498737335205,54.33332824707031,33.12094497680664,9657.142578125,3,2.2066237153156973,0.002026158417823165,False
23.03499984741211,72.6050033569336,2.221569776535034,54.96665954589844,33.12094497680664,9657.142578125,3,2.2197899031012476,0.0017798734337866051,False
23.03499984741211,72.61499786376953,2.230515480041504,55.4083366394043,33.12094497680664,9657.142578125,3,2.2289718329449713,0.001543647096532652,False
23.03499984741211,72.625,2.243253707885742,56.04166030883789,33.26767349243164,9657.142578125,3,2.241438538129484,0.0018151697562580615,False
23.03499984741211,72.63500213623047,2.250913381576538,56.42499923706055,33.26767349243164,9657.142578125,3,2.249407688436488,0.0015056931400501128,False
23.03499984741211,72.6449966430664,2.246422052383423,56.19999694824219,33.26767349243164,9657.142578125,3,2.2447301643787907,0.0016918880046321583,False
23.03499984741211,72.65499877929688,2.2514116764068604,56.45000076293945,33.26767349243164,9657.142578125,3,2.2499274397660938,0.0014842366407665786,False
23.03499984741211,72.66500091552734,2.220386028289795,54.9083366394043,33.26767349243164,9657.142578125,3,2.217878116781003,0.002507911508792038,True
23.03499984741211,72.67500305175781,2.1357345581054688,50.858333587646484,33.26767349243164,9657.142578125,3,2.1336834767716413,0.002051081333827476,False
23.03499984741211,72.68499755859375,2.1007466316223145,49.249996185302734,33.26767349243164,9657.142578125,3,2.100248097372322,0.0004985342499925771,False
23.03499984741211,72.69499969482422,2.0878500938415527,48.66667175292969,33.26767349243164,9657.142578125,3,2.088121491548902,-0.0002713977073494078,False
23.03499984741211,72.70500183105469,2.094496726989746,48.9666633605957,33.26767349243164,9657.142578125,3,2.094357952383742,0.0001387746060039774,False
23.03499984741211,72.71499633789062,2.0724105834960938,47.97500228881836,33.26767349243164,9657.142578125,3,2.0737425242266316,-0.0013319407305378839,False
23.03499984741211,72.7249984741211,2.0596396923065186,47.4083366394043,33.26767349243164,9657.142578125,3,2.061962234249472,-0.00232254194295356,False
23.03499984741211,72.73500061035156,2.047135829925537,46.858333587646484,33.26767349243164,9657.142578125,3,2.0505283394214917,-0.0033925094959545987,False
23.03499984741211,72.74500274658203,2.0564281940460205,47.26667404174805,33.26767349243164,9657.142578125,3,2.059017241058101,-0.0025890470120804032,False
23.045000076293945,72.40499877929688,2.1359124183654785,50.866668701171875,33.12094497680664,9657.142578125,2,2.134556077644349,0.0013563407211294454,False
23.045000076293945,72.41500091552734,2.119340419769287,50.10000228881836,33.12094497680664,9657.142578125,2,2.118618014939098,0.0007224048301890384,False
23.045000076293945,72.42500305175781,2.1106183528900146,49.69999694824219,33.12094497680664,9657.142578125,2,2.110302390179997,0.0003159627100175477,False
23.045000076293945,72.43499755859375,2.1377029418945312,50.95000076293945,33.12094497680664,9657.142578125,2,2.136288449904838,0.001414491989693456,False
23.045000076293945,72.44499969482422,2.2052319049835205,54.16666793823242,33.12094497680664,9657.142578125,2,2.203159050097639,0.002072854885881714,False
23.045000076293945,72.45500183105469,2.2972159385681152,58.783329010009766,33.12094497680664,9657.142578125,2,2.2991338214783226,-0.0019178829102073358,False
23.045000076293945,72.46499633789062,2.3365368843078613,60.8416633605957,33.12094497680664,9657.142578125,2,2.3419240903871987,-0.005387206079337403,False
23.045000076293945,72.4749984741211,2.3478176593780518,61.44166564941406,33.12094497680664,9657.142578125,2,2.3543974085714723,-0.0065797491934205254,False
23.045000076293945,72.48500061035156,2.3445348739624023,61.266666412353516,33.12094497680664,9657.142578125,2,2.350759387172987,-0.006224513210584703,False
23.045000076293945,72.49500274658203,2.340775489807129,61.06666564941406,33.12094497680664,9657.142578125,2,2.346601614444896,-0.005826124637767105,False
23.045000076293945,72.50499725341797,2.326918125152588,60.33333206176758,33.12094497680664,9657.142578125,2,2.33135650064384,-0.0044383754912522555,False
23.045000076293945,72.51499938964844,2.297055244445801,58.77499771118164,33.12094497680664,9657.142578125,2,2.298960623903733,-0.0019053794579320105,False
23.045000076293945,72.5250015258789,2.284266471862793,58.11666488647461,33.12094497680664,9657.142578125,2,2.2852746847885768,-0.0010082129257837913,False
23.045000076293945,72.53500366210938,2.2957658767700195,58.70833969116211,33.12094497680664,9657.142578125,2,2.2975748847011794,-0.0018090079311599006,False
23.045000076293945,72.54499816894531,2.29188871383667,58.50833511352539,33.12094497680664,9657.142578125,2,2.29341703267017,-0.0015283188335000197,False
23.045000076293945,72.55500030517578,2.2651307582855225,57.14166259765625,33.12094497680664,9657.142578125,2,2.2650055724777265,0.00012518580779596888,False
23.045000076293945,72.56500244140625,2.22393798828125,55.08333206176758,33.12094497680664,9657.142578125,2,2.222215382871769,0.0017226054094812149,False
23.045000076293945,72.57499694824219,2.200948715209961,53.95833969116211,33.12094497680664,9657.142578125,2,2.198828159097877,0.00212055611208406,False
23.045000076293945,72.58499908447266,2.19905948638916,53.86666488647461,33.12094497680664,9657.142578125,3,2.1969223513540426,0.0021371350351175877,False
23.045000076293945,72.59500122070312,2.2200465202331543,54.891666412353516,33.12094497680664,9657.142578125,3,2.218230887021186,0.001815633211968315,False
23.045000076293945,72.6050033569336,2.2400801181793213,55.883331298828125,33.12094497680664,9657.142578125,3,2.238846394481215,0.0012337236981063704,False
23.045000076293945,72.61499786376953,2.2567145824432373,56.71665954589844,33.12094497680664,9657.142578125,3,2.256170275691938,0.0005443067512991284,False
23.045000076293945,72.625,2.2720274925231934,57.491668701171875,33.26767349243164,9657.142578125,3,2.271582449885335,0.0004450426378581618,False
23.045000076293945,72.63500213623047,2.264636278152466,57.116668701171875,33.26767349243164,9657.142578125,3,2.2637866557587585,0.0008496223937073388,False
23.045000076293945,72.6449966430664,2.247253894805908,56.24166488647461,33.26767349243164,9657.142578125,3,2.2455963901604945,0.0016575046454136988,False
23.045000076293945,72.65499877929688,2.240246057510376,55.891666412353516,33.26767349243164,9657.142578125,3,2.238320347363524,0.0019257101468519444,False
23.045000076293945,72.66500091552734,2.23287034034729,55.52499771118164,33.26767349243164,9657.142578125,3,2.230697750811537,0.0021725895357529446,False
23.045000076293945,72.67500305175781,2.18212890625,53.04999923706055,33.26767349243164,9657.142578125,3,2.179245541297299,0.0028833649527011396,True
23.045000076293945,72.68499755859375,2.131427764892578,50.6583366394043,33.26767349243164,9657.142578125,3,2.129525783346469,0.0019019815461089884,False
23.045000076293945,72.69499969482422,2.116074800491333,49.95000076293945,33.26767349243164,9657.142578125,3,2.1148003415721006,0.0012744589192323907,False
23.045000076293945,72.70500183105469,2.0933918952941895,48.91667175292969,33.26767349243164,9657.142578125,3,2.0933186876332868,7.320766090268549e-05,False
23.045000076293945,72.71499633789062,2.0729715824127197,48.0,33.26767349243164,9657.142578125,3,2.074262196253319,-0.0012906138405992529,False
23.045000076293945,72.7249984741211,2.045232057571411,46.77499771118164,33.26767349243164,9657.142578125,3,2.0487958878580845,-0.0035638302866733973,False
23.045000076293945,72.73500061035156,2.025475025177002,45.91666793823242,33.26767349243164,9657.142578125,3,2.0309522553177555,-0.0054772301407535195,False
23.045000076293945,72.74500274658203,2.0258615016937256,45.9333381652832,33.26767349243164,9657.142578125,3,2.031298809072772,-0.005437307379046352,False
23.05500030517578,72.40499877929688,2.116257667541504,49.95833206176758,33.12094497680664,9657.142578125,2,2.11567286314189,0.0005848043996139474,False
23.05500030517578,72.41500091552734,2.0981764793395996,49.133331298828125,33.12094497680664,9657.142578125,2,2.0985221002028376,-0.00034562086323797203,False
23.05500030517578,72.42500305175781,2.083773136138916,48.48333740234375,33.12094497680664,9657.142578125,2,2.0850095172681082,-0.001236381129192221,False
23.05500030517578,72.43499755859375,2.0933918952941895,48.91666793823242,33.12094497680664,9657.142578125,2,2.0940179323255674,-0.0006260370313779795,False
23.05500030517578,72.44499969482422,2.132326126098633,50.700008392333984,33.12094497680664,9657.142578125,2,2.1310914124262905,0.0012347136723422913,False
23.05500030517578,72.45500183105469,2.2132530212402344,54.55833435058594,33.12094497680664,9657.142578125,2,2.211301318676313,0.0019517025639212982,False
23.05500030517578,72.46499633789062,2.2720274925231934,57.491668701171875,33.12094497680664,9657.142578125,2,2.2722817738805348,-0.00025428135734140156,False
23.05500030517578,72.4749984741211,2.286864757537842,58.25,33.12094497680664,9657.142578125,2,2.288046559708277,-0.0011818021704352866,False
23.05500030517578,72.48500061035156,2.282313585281372,58.01666259765625,33.12094497680664,9657.142578125,2,2.2831957587730716,-0.0008821734916995005,False
23.05500030517578,72.49500274658203,2.2761170864105225,57.69999694824219,33.12094497680664,9657.142578125,2,2.2766126648802962,-0.000495578469773772,False
23.05500030517578,72.50499725341797,2.3143720626831055,59.67499923706055,33.12094497680664,9657.142578125,2,2.317670561528684,-0.0032984988455786457,False
23.05500030517578,72.51499938964844,2.3079802989959717,59.341670989990234,33.12094497680664,9657.142578125,2,2.31074107248673,-0.002760773490758428,False
23.05500030517578,72.5250015258789,2.270059585571289,57.391666412353516,33.12094497680664,9657.142578125,2,2.2702028478650296,-0.00014326229374050925,False
23.05500030517578,72.53500366210938,2.276771306991577,57.733333587646484,33.12094497680664,9657.142578125,2,2.2773056930874107,-0.0005343860958335611,False
23.05500030517578,72.54499816894531,2.2855660915374756,58.18333053588867,33.12094497680664,9657.142578125,2,2.2866605825969675,-0.0010944910594918866,False
23.05500030517578,72.55500030517578,2.271207571029663,57.45000076293945,33.12094497680664,9657.142578125,2,2.271415548098831,-0.00020797706916786396,False
23.05500030517578,72.56500244140625,2.2355566024780273,55.6583251953125,33.12094497680664,9657.142578125,2,2.234168791120599,0.0013878113574281592,False
23.05500030517578,72.57499694824219,2.2198758125305176,54.88333511352539,33.12094497680664,9657.142578125,2,2.218057689446596,0.0018181230839213747,False
23.05500030517578,72.58499908447266,2.2154648303985596,54.66666793823242,33.12094497680664,9657.142578125,3,2.2135534422664076,0.00191138813215197,False
23.05500030517578,72.59500122070312,2.212061643600464,54.5,33.12094497680664,9657.142578125,3,2.2100886184425117,0.0019730251579521685,False
23.05500030517578,72.6050033569336,2.23404598236084,55.58333206176758,33.12094497680664,9657.142578125,3,2.2326097750405376,0.0014362073203022518,False
23.05500030517578,72.61499786376953,2.2474212646484375,56.25,33.12094497680664,9657.142578125,3,2.2464689910332023,0.0009522736152351996,False
23.05500030517578,72.625,2.2588632106781006,56.82500076293945,33.26767349243164,9657.142578125,3,2.2577232338926705,0.0011399767854300968,False
23.05500030517578,72.63500213623047,2.2680890560150146,57.29167175292969,33.26767349243164,9657.142578125,3,2.2674247564601626,0.0006642995548520325,False
23.05500030517578,72.6449966430664,2.2659530639648438,57.18333435058594,33.26767349243164,9657.142578125,3,2.265172553567149,0.000780510397694556,False
23.05500030517578,72.65499877929688,2.230515480041504,55.4083366394043,33.26767349243164,9657.142578125,3,2.2282725089497717,0.0022429710917322154,True
23.05500030517578,72.66500091552734,2.239744186401367,55.866668701171875,33.26767349243164,9657.142578125,3,2.2378006753368367,0.001943511064530501,False
23.05500030517578,72.67500305175781,2.239912748336792,55.875,33.26767349243164,9657.142578125,3,2.237973872911426,0.0019388754253659712,False
23.05500030517578,72.68499755859375,2.1662378311157227,52.29166793823242,33.26767349243164,9657.142578125,3,2.1634807554695565,0.0027570756461661183,True
23.05500030517578,72.69499969482422,2.1062400341033936,49.5,33.26767349243164,9657.142578125,3,2.105445372759625,0.000794661343768599,False
23.05500030517578,72.70500183105469,2.0750272274017334,48.0916633605957,33.26767349243164,9657.142578125,3,2.076167766088397,-0.0011405386866636391,False
23.05500030517578,72.71499633789062,2.0592620372772217,47.391666412353516,33.26767349243164,9657.142578125,3,2.0616156804944556,-0.0023536432172339694,False
23.05500030517578,72.7249984741211,2.037782669067383,46.45000076293945,33.26767349243164,9657.142578125,3,2.0420395963907194,-0.004256927323336601,False
23.05500030517578,72.73500061035156,2.012477397918701,45.35833740234375,33.26767349243164,9657.142578125,3,2.019345242218104,-0.006867844299403014,False
23.05500030517578,72.74500274658203,2.019864082336426,45.67500305175781,33.26767349243164,9657.142578125,3,2.0259283361108795,-0.006064253774453743,False
23.065000534057617,72.40499877929688,2.1033124923706055,49.36666488647461,33.12094497680664,9657.142578125,2,2.103372821835124,-6.0329464518726894e-05,False
23.065000534057617,72.41500091552734,2.0898847579956055,48.75833511352539,33.12094497680664,9657.142578125,2,2.0907263853791798,-0.0008416273835742949,False
23.065000534057617,72.42500305175781,2.0720362663269043,47.95833206176758,33.12094497680664,9657.142578125,2,2.0740952944668147,-0.002059028139910435,False
23.065000534057617,72.43499755859375,2.0697903633117676,47.858333587646484,33.12094497680664,9657.142578125,2,2.0720164477542284,-0.002226084442460863,False
23.065000534057617,72.44499969482422,2.088775396347046,48.70833206176758,33.12094497680664,9657.142578125,2,2.089686882719968,-0.0009114863729222655,False
23.065000534057617,72.45500183105469,2.132145643234253,50.69166564941406,33.12094497680664,9657.142578125,2,2.130917976942945,0.0012276662913079939,False
23.065000534057617,72.46499633789062,2.1849074363708496,53.18333435058594,33.12094497680664,9657.142578125,2,2.182716740212199,0.002190696158650418,True
23.065000534057617,72.4749984741211,2.2244455814361572,55.108333587646484,33.12094497680664,9657.142578125,2,2.222735134201375,0.0017104472347821975,False
23.065000534057617,72.48500061035156,2.2352209091186523,55.641666412353516,33.12094497680664,9657.142578125,2,2.233822475274339,0.0013984338443133737,False
23.065000534057617,72.49500274658203,2.2469215393066406,56.22500228881836,33.12094497680664,9657.142578125,2,2.245949319006515,0.0009722203001256702,False
23.065000534057617,72.50499725341797,2.2863783836364746,58.22500228881836,33.12094497680664,9657.142578125,2,2.2875268876815897,-0.0011485040451151285,False
23.065000534057617,72.51499938964844,2.3135738372802734,59.63333511352539,33.12094497680664,9657.142578125,2,2.316804415049899,-0.0032305777696257643,False
23.065000534057617,72.5250015258789,2.3030080795288086,59.08333206176758,33.12094497680664,9657.142578125,2,2.3053705202219184,-0.0023624406931097575,False
23.065000534057617,72.53500366210938,2.292048454284668,58.516666412353516,33.12094497680664,9657.142578125,2,2.293590230244759,-0.0015417759600908632,False
23.065000534057617,72.54499816894531,2.284428834915161,58.125003814697266,33.12094497680664,9657.142578125,2,2.2854480409690034,-0.0010192060538423142,False
23.065000534057617,72.55500030517578,2.2873525619506836,58.27499771118164,33.12094497680664,9657.142578125,2,2.2885662317349644,-0.0012136697842808353,False
23.065000534057617,72.56500244140625,2.2553904056549072,56.65000534057617,33.12094497680664,9657.142578125,2,2.2547846157923037,0.0006057898626035119,False
23.065000534057617,72.57499694824219,2.2244455814361572,55.10833740234375,33.12094497680664,9657.142578125,2,2.222735213504294,0.0017103679318632992,False
23.065000534057617,72.58499908447266,2.203350067138672,54.075008392333984,33.12094497680664,9657.142578125,3,2.2012535595654796,0.002096507573192241,False
23.065000534057617,72.59500122070312,2.188889503479004,53.374996185302734,33.12094497680664,9657.142578125,3,2.1867011567598635,0.002188346719140366,True
23.065000534057617,72.6050033569336,2.1983726024627686,53.83333206176758,33.12094497680664,9657.142578125,3,2.196229402449847,0.0021432000129215645,False
23.065000534057617,72.61499786376953,2.217841386795044,54.7833366394043,33.12094497680664,9657.142578125,3,2.2159788427340104,0.0018625440610335886,False
23.065000534057617,72.625,2.224106788635254,55.091670989990234,33.26767349243164,9657.142578125,3,2.2216894150569964,0.0024173735782575534,True
23.065000534057617,72.63500213623047,2.226640462875366,55.216670989990234,33.26767349243164,9657.142578125,3,2.2242880130991884,0.0023524497761777674,True
23.065000534057617,72.6449966430664,2.2444210052490234,56.10000228881836,33.26767349243164,9657.142578125,3,2.2426513969691233,0.0017696082799001367,False
23.065000534057617,72.65499877929688,2.2557215690612793,56.66666793823242,33.26767349243164,9657.142578125,3,2.254431686946283,0.0012898821149964768,False
23.065000534057617,72.66500091552734,2.265789270401001,57.17500305175781,33.26767349243164,9657.142578125,3,2.26499935599256,0.0007899144084411169,False
23.065000534057617,72.67500305175781,2.268253803253174,57.299991607666016,33.26767349243164,9657.142578125,3,2.2675977161259957,0.0006560871271781288,False
23.065000534057617,72.68499755859375,2.1994035243988037,53.88333511352539,33.26767349243164,9657.142578125,3,2.1965695811138595,0.0028339432849442403,True
23.065000534057617,72.69499969482422,2.1398496627807617,51.05000305175781,33.26767349243164,9657.142578125,3,2.137668051925143,0.002181610855618743,False
23.065000534057617,72.70500183105469,2.080430030822754,48.33333206176758,33.26767349243164,9657.142578125,3,2.081191764598192,-0.0007617337754379783,False
23.065000534057617,72.71499633789062,2.058885335922241,47.375,33.26767349243164,9657.142578125,3,2.061269206042358,-0.002383870120116871,False
23.065000534057617,72.7249984741211,2.0482780933380127,46.9083366394043,33.26767349243164,9657.142578125,3,2.0515678420807038,-0.0032897487426910565,False
23.065000534057617,72.73500061035156,2.037782669067383,46.45000076293945,33.26767349243164,9657.142578125,3,2.0420395963907194,-0.004256927323336601,False
23.065000534057617,72.74500274658203,2.0335640907287598,46.26666259765625,33.26767349243164,9657.142578125,3,2.0382282188118075,-0.004664128083047725,False
23.075000762939453,72.40499877929688,2.088589906692505,48.70000076293945,33.12094497680664,9657.142578125,2,2.0895136851453784,-0.0009237784528735027,False
23.075000762939453,72.41500091552734,2.074280023574829,48.05833435058594,33.12094497680664,9657.142578125,2,2.07617422048232,-0.0018941969074908194,False
23.075000762939453,72.42500305175781,2.0628437995910645,47.54999923706055,33.12094497680664,9657.142578125,2,2.065606551436043,-0.0027627518449784283,False
23.075000762939453,72.43499755859375,2.059828281402588,47.41666793823242,33.12094497680664,9657.142578125,2,2.0628347558192615,-0.0030064744166735657,False
23.075000762939453,72.44499969482422,2.070164918899536,47.875,33.12094497680664,9657.142578125,2,2.0723629222063265,-0.0021980033067903193,False
23.075000762939453,72.45500183105469,2.089144468307495,48.72499465942383,33.12094497680664,9657.142578125,2,2.090033277869147,-0.0008888095616517155,False
23.075000762939453,72.46499633789062,2.1200640201568604,50.133331298828125,33.12094497680664,9657.142578125,2,2.119310884540375,0.0007531356164851566,False
23.075000762939453,72.4749984741211,2.167991876602173,52.374996185302734,33.12094497680664,9657.142578125,2,2.165912372422326,0.002079504179846925,False
23.075000762939453,72.48500061035156,2.2066009044647217,54.233333587646484,33.12094497680664,9657.142578125,2,2.20454494790603,0.0020559565586917294,False
23.075000762939453,72.49500274658203,2.231189250946045,55.4416618347168,33.12094497680664,9657.142578125,2,2.229664623243329,0.001524627702715886,False
23.075000762939453,72.50499725341797,2.266939401626587,57.233333587646484,33.12094497680664,9657.142578125,2,2.266911300918642,2.8100707945011294e-05,False
23.075000762939453,72.51499938964844,2.3158061504364014,59.75,33.12094497680664,9657.142578125,2,2.319229736214583,-0.0034235857781816925,False
23.075000762939453,72.5250015258789,2.3337035179138184,60.69166946411133,33.12094497680664,9657.142578125,2,2.338805899621238,-0.005102381707419834,False
23.075000762939453,72.53500366210938,2.3247017860412598,60.216670989990234,33.12094497680664,9657.142578125,2,2.328931258782075,-0.004229472740815421,False
23.075000762939453,72.54499816894531,2.2996325492858887,58.908329010009766,33.12094497680664,9657.142578125,2,2.3017324195205147,-0.002099870234625989,False
23.075000762939453,72.55500030517578,2.275300979614258,57.658329010009766,33.12094497680664,9657.142578125,2,2.275746439098593,-0.00044545948433505345,False
23.075000762939453,72.56500244140625,2.2495827674865723,56.358333587646484,33.12094497680664,9657.142578125,2,2.248721114623297,0.0008616528632754417,False
23.075000762939453,72.57499694824219,2.239243507385254,55.8416633605957,33.12094497680664,9657.142578125,2,2.2379801686995116,0.0012633386857423545,False
23.075000762939453,72.58499908447266,2.20796799659729,54.29999923706055,33.12094497680664,9657.142578125,3,2.20593084571442,0.0020371508828698204,False
23.075000762939453,72.59500122070312,2.1777806282043457,52.841670989990234,33.12094497680664,9657.142578125,3,2.175613974292737,0.0021666539116087513,False
23.075000762939453,72.6050033569336,2.1636011600494385,52.16667175292969,33.12094497680664,9657.142578125,3,2.1615815607254825,0.0020195993239560117,False
23.075000762939453,72.61499786376953,2.187678337097168,53.31666564941406,33.12094497680664,9657.142578125,3,2.185488535828981,0.0021898012681869083,True
23.075000762939453,72.625,2.2103559970855713,54.41666793823242,33.26767349243164,9657.142578125,3,2.2076569221868234,0.0026990748987478774,True
23.075000762939453,72.63500213623047,2.211038827896118,54.450008392333984,33.26767349243164,9657.142578125,3,2.2083500296968563,0.0026887981992618215,True
23.075000762939453,72.6449966430664,2.2028350830078125,54.04999923706055,33.26767349243164,9657.142578125,3,2.2000343256348365,0.002800757372976026,True
23.075000762939453,72.65499877929688,2.2173328399658203,54.758331298828125,33.26767349243164,9657.142578125,3,2.214759688106286,0.0025731518595342173,True
23.075000762939453,72.66500091552734,2.2547271251678467,56.61666488647461,33.26767349243164,9657.142578125,3,2.253392184287071,0.0013349408807754592,False
23.075000762939453,72.67500305175781,2.262824535369873,57.024993896484375,33.26767349243164,9657.142578125,3,2.261880848014924,0.0009436873549488745,False
23.075000762939453,72.68499755859375,2.2095041275024414,54.375,33.26767349243164,9657.142578125,3,2.20679069640512,0.0027134310973213616,True
23.075000762939453,72.69499969482422,2.1435952186584473,51.225006103515625,33.26767349243164,9657.142578125,3,2.141306152626547,0.0022890660319001555,True
23.075000762939453,72.70500183105469,2.097992420196533,49.125,33.26767349243164,9657.142578125,3,2.0976495786330482,0.00034284156348496353,False
23.075000762939453,72.71499633789062,2.0767054557800293,48.16666793823242,33.26767349243164,9657.142578125,3,2.0777270200772144,-0.0010215642971851402,False
23.075000762939453,72.7249984741211,2.057185649871826,47.29999923706055,33.26767349243164,9657.142578125,3,2.059710031356459,-0.002524381484632965,False
23.075000762939453,72.73500061035156,2.0507469177246094,47.016666412353516,33.26767349243164,9657.142578125,3,2.053819886367879,-0.003072968643269558,False
23.075000762939453,72.74500274658203,2.0347166061401367,46.31666946411133,33.26767349243164,9657.142578125,3,2.039267800773938,-0.00455119463380127,False
23.084999084472656,72.40499877929688,2.094313144683838,48.95833206176758,33.12094497680664,9657.142578125,2,2.0948840788043523,-0.0005709341205144547,False
23.084999084472656,72.41500091552734,2.0787553787231445,48.25833511352539,33.12094497680664,9657.142578125,2,2.0803319932104114,-0.0015766144872668697,False
23.084999084472656,72.42500305175781,2.060770273208618,47.45833206176758,33.12094497680664,9657.142578125,2,2.0637009022980464,-0.002930629089428205,False
23.084999084472656,72.43499755859375,2.0556724071502686,47.23333740234375,33.12094497680664,9657.142578125,2,2.0590235368461864,-0.003351129695917887,False
23.084999084472656,72.44499969482422,2.0699775218963623,47.86666488647461,33.12094497680664,9657.142578125,2,2.072189645328818,-0.0022121234324559147,False
23.084999084472656,72.45500183105469,2.09265398979187,48.883331298828125,33.12094497680664,9657.142578125,2,2.0933249041184534,-0.0006709143265832829,False
23.084999084472656,72.46499633789062,2.1305289268493652,50.61666488647461,33.12094497680664,9657.142578125,2,2.129358802257046,0.0011701245923192438,False
23.084999084472656,72.4749984741211,2.161665678024292,52.07499694824219,33.12094497680664,9657.142578125,2,2.159675752981648,0.0019899250426438364,False
23.084999084472656,72.48500061035156,2.1982009410858154,53.82500076293945,33.12094497680664,9657.142578125,2,2.1960562048752577,0.002144736210557774,False
23.084999084472656,72.49500274658203,2.2217392921447754,54.97500228881836,33.12094497680664,9657.142578125,2,2.2199633385845936,0.0017759535601817866,False
23.084999084472656,72.50499725341797,2.25124454498291,56.44166564941406,33.12094497680664,9657.142578125,2,2.2504534868837855,0.0007910580991246086,False
23.084999084472656,72.51499938964844,2.2923734188079834,58.533329010009766,33.12094497680664,9657.142578125,2,2.2939366253939384,-0.0015632065859549904,False
23.084999084472656,72.5250015258789,2.3284988403320312,60.41666793823242,33.12094497680664,9657.142578125,2,2.3330889522072478,-0.004590111875216518,False
23.084999084472656,72.53500366210938,2.346723794937134,61.38333511352539,33.12094497680664,9657.142578125,2,2.35318478764059,-0.006460992703456014,False
23.084999084472656,72.54499816894531,2.3242263793945312,60.19166564941406,33.12094497680664,9657.142578125,2,2.3284114281495505,-0.004185048755019238,False
23.084999084472656,72.55500030517578,2.2870280742645264,58.25833511352539,33.12094497680664,9657.142578125,2,2.2882198365857853,-0.001191762321258949,False
23.084999084472656,72.56500244140625,2.2565503120422363,56.70833206176758,33.12094497680664,9657.142578125,2,2.2559971574202673,0.000553154621969032,False
23.084999084472656,72.57499694824219,2.2520751953125,56.483333587646484,33.12094497680664,9657.142578125,2,2.251319712665489,0.0007554826470110854,False
23.084999084472656,72.58499908447266,2.214444160461426,54.616668701171875,33.12094497680664,9657.142578125,3,2.2125140189101145,0.0019301415513113263,False
23.084999084472656,72.59500122070312,2.1800434589385986,52.95000076293945,33.12094497680664,9657.142578125,3,2.1778660185799126,0.002177440358686056,False
23.084999084472656,72.6050033569336,2.174466848373413,52.68333053588867,33.12094497680664,9657.142578125,3,2.1723222687405115,0.0021445796329016,False
23.084999084472656,72.61499786376953,2.182650327682495,53.07500076293945,33.12094497680664,9657.142578125,3,2.1804646166221047,0.0021857110603904495,True
23.084999084472656,72.625,2.1999192237854004,53.9083366394043,33.26767349243164,9657.142578125,3,2.1970893324434653,0.00282989134193512,True
23.084999084472656,72.63500213623047,2.210355043411255,54.41666030883789,33.26767349243164,9657.142578125,3,2.207656763580986,0.002698279830268824,True
23.084999084472656,72.6449966430664,2.1878514289855957,53.32500076293945,33.26767349243164,9657.142578125,3,2.1849624887112893,0.0028889402743064174,True
23.084999084472656,72.65499877929688,2.1831727027893066,53.10000228881836,33.26767349243164,9657.142578125,3,2.1802850439565113,0.0028876588327952923,True
23.084999084472656,72.66500091552734,2.206770896911621,54.24166488647461,33.26767349243164,9657.142578125,3,2.2040188214854193,0.0027520754262018166,True
23.084999084472656,72.67500305175781,2.2244455814361572,55.10833740234375,33.26767349243164,9657.142578125,3,2.2220358895090944,0.0024096919270628625,True
23.084999084472656,72.68499755859375,2.2006046772003174,53.94166946411133,33.26767349243164,9657.142578125,3,2.197782281347661,0.002822395852656534,True
23.084999084472656,72.69499969482422,2.142348051071167,51.16666793823242,33.26767349243164,9657.142578125,3,2.1400933730898273,0.0022546779813397144,True
23.084999084472656,72.70500183105469,2.0845155715942383,48.516666412353516,33.26767349243164,9657.142578125,3,2.0850030628741854,-0.0004874912799470721,False
23.084999084472656,72.71499633789062,2.0724105834960938,47.97500228881836,33.26767349243164,9657.142578125,3,2.0737425242266316,-0.0013319407305378839,False
23.084999084472656,72.7249984741211,2.067915201187134,47.77500534057617,33.26767349243164,9657.142578125,3,2.069584830801459,-0.0016696296143252631,False
23.084999084472656,72.73500061035156,2.0585079193115234,47.358333587646484,33.26767349243164,9657.142578125,3,2.0609227315902605,-0.0024148122787370774,False
23.084999084472656,72.74500274658203,2.0402698516845703,46.55833435058594,33.26767349243164,9657.142578125,3,2.0442917199808144,-0.004021868296244069,False
23.094999313354492,72.40499877929688,2.1111655235290527,49.72500228881836,33.12094497680664,9657.142578125,2,2.110822220812522,0.00034330271653093547,False
23.094999313354492,72.41500091552734,2.0961527824401855,49.04166793823242,33.12094497680664,9657.142578125,2,2.0966165303677595,-0.0004637479275739764,False
23.094999313354492,72.42500305175781,2.0737199783325195,48.0333366394043,33.12094497680664,9657.142578125,2,2.0756545484556326,-0.001934570123113044,False
23.094999313354492,72.43499755859375,2.0688540935516357,47.81666946411133,33.12094497680664,9657.142578125,2,2.0711503012754435,-0.002296207723807786,False
23.094999313354492,72.44499969482422,2.0750272274017334,48.0916633605957,33.12094497680664,9657.142578125,2,2.0768670900835966,-0.0018398626818632025,False
23.094999313354492,72.45500183105469,2.10715389251709,49.54167175292969,33.12094497680664,9657.142578125,2,2.1070110018394472,0.00014289067764261532,False
23.094999313354492,72.46499633789062,2.1533660888671875,51.68333435058594,33.12094497680664,9657.142578125,2,2.1515335637058928,0.001832525161294729,False
23.094999313354492,72.4749984741211,2.1956207752227783,53.70000076293945,33.12094497680664,9657.142578125,2,2.1934576068330656,0.002163168389712755,False
23.094999313354492,72.48500061035156,2.215975284576416,54.69166946411133,33.12094497680664,9657.142578125,2,2.2140731935960134,0.0019020909804026154,False
23.094999313354492,72.49500274658203,2.2166521549224854,54.72499465942383,33.12094497680664,9657.142578125,2,2.2147659838943716,0.0018861710281137256,False
23.094999313354492,72.50499725341797,2.2224159240722656,55.00833511352539,33.12094497680664,9657.142578125,2,2.2206562874887887,0.0017596365834768868,False
23.094999313354492,72.51499938964844,2.2567145824432373,56.716670989990234,33.12094497680664,9657.142578125,2,2.256170513600694,0.0005440688425433216,False
23.094999313354492,72.5250015258789,2.3042948246002197,59.15000534057617,33.12094497680664,9657.142578125,2,2.3067565766361473,-0.002461752035927578,False
23.094999313354492,72.53500366210938,2.334334135055542,60.725006103515625,33.12094497680664,9657.142578125,2,2.3394989278283522,-0.005164792772810234,False
23.094999313354492,72.54499816894531,2.3100595474243164,59.44999694824219,33.12094497680664,9657.142578125,2,2.3129930374709873,-0.0029334900466708724,False
23.094999313354492,72.55500030517578,2.2962489128112793,58.733333587646484,33.12094497680664,9657.142578125,2,2.298094477424948,-0.0018455646136685822,False
23.094999313354492,72.56500244140625,2.274811267852783,57.633331298828125,33.12094497680664,9657.142578125,2,2.275226767071906,-0.00041549921912276133,False
23.094999313354492,72.57499694824219,2.263648748397827,57.06666564941406,33.12094497680664,9657.142578125,2,2.2634464770947464,0.0002022713030807033,False
23.094999313354492,72.58499908447266,2.2335433959960938,55.55833435058594,33.12094497680664,9657.142578125,3,2.2320901030138507,0.0014532929822430596,False
23.094999313354492,72.59500122070312,2.2156338691711426,54.67500305175781,33.12094497680664,9657.142578125,3,2.213726719143916,0.001907150027226745,False
23.094999313354492,72.6050033569336,2.197857141494751,53.80833435058594,33.12094497680664,9657.142578125,3,2.19570973042316,0.002147411071590888,False
23.094999313354492,72.61499786376953,2.176561117172241,52.7833366394043,33.12094497680664,9657.142578125,3,2.1744012740589356,0.0021598431133056373,False
23.094999313354492,72.625,2.177257776260376,52.81666564941406,33.26767349243164,9657.142578125,3,2.1743948196650122,0.0028629565953637304,True
23.094999313354492,72.63500213623047,2.1751646995544434,52.7166633605957,33.26767349243164,9657.142578125,3,2.1723158936495075,0.0028488059049358583,True
23.094999313354492,72.6449966430664,2.1823034286499023,53.05833053588867,33.26767349243164,9657.142578125,3,2.1794187388718886,0.002884689778013705,True
23.094999313354492,72.65499877929688,2.187678337097168,53.3166618347168,33.26767349243164,9657.142578125,3,2.1847891325308626,0.00288920456630537,True
23.094999313354492,72.66500091552734,2.1859471797943115,53.233333587646484,33.26767349243164,9657.142578125,3,2.1830568395732928,0.00289034022101875,True
23.094999313354492,72.67500305175781,2.18212890625,53.05000305175781,33.26767349243164,9657.142578125,3,2.1792456206002178,0.0028832856497822412,True
23.094999313354492,72.68499755859375,2.1620185375213623,52.091670989990234,33.26767349243164,9657.142578125,3,2.159323062044384,0.0026954754769783484,True
23.094999313354492,72.69499969482422,2.12638783454895,50.42499923706055,33.26767349243164,9657.142578125,3,2.1246749824112636,0.0017128521376865713,False
23.094999313354492,72.70500183105469,2.089144468307495,48.72500228881836,33.26767349243164,9657.142578125,3,2.089334112479785,-0.0001896441722899489,False
23.094999313354492,72.71499633789062,2.0673539638519287,47.75,33.26767349243164,9657.142578125,3,2.069065000168935,-0.0017110363170060872,False
23.094999313354492,72.7249984741211,2.0677294731140137,47.76666259765625,33.26767349243164,9657.142578125,3,2.0694113953181135,-0.001681922204099795,False
23.094999313354492,72.73500061035156,2.06303071975708,47.55833435058594,33.26767349243164,9657.142578125,3,2.0650805043183516,-0.0020497845612714727,False
23.094999313354492,72.74500274658203,2.0568060874938965,47.2833366394043,33.26767349243164,9657.142578125,3,2.05936363620728,-0.0025575487133835395,False
23.104999542236328,72.40499877929688,2.101297616958618,49.27500534057617,33.12094497680664,9657.142578125,2,2.101467331302965,-0.00016971434434687183,False
23.104999542236328,72.41500091552734,2.0898847579956055,48.75833511352539,33.12094497680664,9657.142578125,2,2.0907263853791798,-0.0008416273835742949,False
23.104999542236328,72.42500305175781,2.078009605407715,48.22500228881836,33.12094497680664,9657.142578125,2,2.0796390443062154,-0.0016294388985005348,False
23.104999542236328,72.43499755859375,2.074652671813965,48.07500076293945,33.12094497680664,9657.142578125,2,2.0765206949344175,-0.0018680231204526443,False
23.104999542236328,72.44499969482422,2.0754005908966064,48.108333587646484,33.12094497680664,9657.142578125,2,2.077213643838613,-0.001813052942006621,False
23.104999542236328,72.45500183105469,2.089698553085327,48.75,33.12094497680664,9657.142578125,2,2.0905531085016715,-0.0008545554163443825,False
23.104999542236328,72.46499633789062,2.1229584217071533,50.26666259765625,33.12094497680664,9657.142578125,2,2.1220826801571566,0.0008757415499967003,False
23.104999542236328,72.4749984741211,2.1730690002441406,52.616668701171875,33.12094497680664,9657.142578125,2,2.1709364502350397,0.002132550009100953,False
23.104999542236328,72.48500061035156,2.2096736431121826,54.383331298828125,33.12094497680664,9657.142578125,2,2.207663217974909,0.0020104251372736748,False
23.104999542236328,72.49500274658203,2.202662944793701,54.04166793823242,33.12094497680664,9657.142578125,2,2.2005604520554467,0.002102492738254469,False
23.104999542236328,72.50499725341797,2.204890012741089,54.15000534057617,33.12094497680664,9657.142578125,2,2.20281265494846,0.0020773577926287423,False
23.104999542236328,72.51499938964844,2.230515480041504,55.4083366394043,33.12094497680664,9657.142578125,2,2.2289718329449713,0.001543647096532652,False
23.104999542236328,72.5250015258789,2.2596898078918457,56.86666488647461,33.12094497680664,9657.142578125,2,2.259288704366655,0.000401103525190738,False
23.104999542236328,72.53500366210938,2.289296865463257,58.375003814697266,33.12094497680664,9657.142578125,2,2.290645237053388,-0.0013483715901312365,False
23.104999542236328,72.54499816894531,2.298022508621216,58.82500076293945,33.12094497680664,9657.142578125,2,2.300000126562945,-0.001977617941729015,False
23.104999542236328,72.55500030517578,2.2870280742645264,58.25833511352539,33.12094497680664,9657.142578125,2,2.2882198365857853,-0.001191762321258949,False
23.104999542236328,72.56500244140625,2.266611099243164,57.2166633605957,33.12094497680664,9657.142578125,2,2.2665647471636254,4.635207953862519e-05,False
23.104999542236328,72.57499694824219,2.257376194000244,56.75,33.12094497680664,9657.142578125,2,2.256863383201971,0.0005128107982730334,False
23.104999542236328,72.58499908447266,2.2567145824432373,56.7166633605957,33.12094497680664,9657.142578125,3,2.256170354994857,0.0005442274483802301,False
23.104999542236328,72.59500122070312,2.244089365005493,56.08333969116211,33.12094497680664,9657.142578125,3,2.243004325815144,0.0010850391903489687,False
23.104999542236328,72.6050033569336,2.2171630859375,54.75,33.12094497680664,9657.142578125,3,2.215285814526896,0.00187727141060412,False
23.104999542236328,72.61499786376953,2.183171272277832,53.09999465942383,33.12094497680664,9657.142578125,3,2.180984209345873,0.0021870629319589163,True
23.104999542236328,72.625,2.1554903984069824,51.783329010009766,33.26767349243164,9657.142578125,3,2.1529130071203606,0.002577391286621822,True
23.104999542236328,72.63500213623047,2.1595520973205566,51.97500228881836,33.26767349243164,9657.142578125,3,2.156897661576781,0.0026544357437754407,True
23.104999542236328,72.6449966430664,2.1700947284698486,52.47499465942383,33.26767349243164,9657.142578125,3,2.1672918951397127,0.0028028333301359787,True
23.104999542236328,72.65499877929688,2.1789984703063965,52.90000534057617,33.26767349243164,9657.142578125,3,2.1761273505313388,0.0028711197750577178,True
23.104999542236328,72.66500091552734,2.1728947162628174,52.60833740234375,33.26767349243164,9657.142578125,3,2.1700639286652508,0.0028307875975666086,True
23.104999542236328,72.67500305175781,2.1662378311157227,52.29166793823242,33.26767349243164,9657.142578125,3,2.1634807554695565,0.0027570756461661183,True
23.104999542236328,72.68499755859375,2.130168914794922,50.60000228881836,33.26767349243164,9657.142578125,3,2.1283130831126678,0.0018558316822541165,False
23.104999542236328,72.69499969482422,2.102579355239868,49.33333206176758,33.26767349243164,9657.142578125,3,2.1019805489357295,0.000598806304138666,False
23.104999542236328,72.70500183105469,2.083588123321533,48.475006103515625,33.26767349243164,9657.142578125,3,2.0841369956983193,-0.0005488723767861359,False
23.104999542236328,72.71499633789062,2.068103551864624,47.783329010009766,33.26767349243164,9657.142578125,3,2.069757869770211,-0.0016543179055870105,False
23.104999542236328,72.7249984741211,2.066602945327759,47.716670989990234,33.26767349243164,9657.142578125,3,2.0683721305676577,-0.001769185239898885,False
23.104999542236328,72.73500061035156,2.0518856048583984,47.06666564941406,33.26767349243164,9657.142578125,3,2.0548593097241725,-0.002973704865774085,False
23.104999542236328,72.74500274658203,2.0448503494262695,46.758331298828125,33.26767349243164,9657.142578125,3,2.0484494134059865,-0.0035990639797169877,False
23.114999771118164,72.40499877929688,2.0711021423339844,47.91666793823242,33.12094497680664,9657.142578125,2,2.07322914798803,-0.002127005654045444,False
23.114999771118164,72.41500091552734,2.074280023574829,48.05833435058594,33.12094497680664,9657.142578125,2,2.07617422048232,-0.0018941969074908194,False
23.114999771118164,72.42500305175781,2.0776383876800537,48.20833206176758,33.12094497680664,9657.142578125,2,2.079292490551199,-0.0016541028711452022,False
23.114999771118164,72.43499755859375,2.0819170475006104,48.399993896484375,33.12094497680664,9657.142578125,2,2.0832769070988637,-0.0013598595982533546,False
23.114999771118164,72.44499969482422,2.0787553787231445,48.258331298828125,33.12094497680664,9657.142578125,2,2.0803319139074925,-0.0015765351843479714,False
23.114999771118164,72.45500183105469,2.083588123321533,48.475006103515625,33.12094497680664,9657.142578125,2,2.084836319693519,-0.0012481963719856992,False
23.114999771118164,72.46499633789062,2.0998291969299316,49.20833969116211,33.12094497680664,9657.142578125,2,2.1000814334945743,-0.00025223656464268274,False
23.114999771118164,72.4749984741211,2.1274688243865967,50.47499465942383,33.12094497680664,9657.142578125,2,2.1264136504598374,0.0010551739267592453,False
23.114999771118164,72.48500061035156,2.156198263168335,51.81666946411133,33.12094497680664,9657.142578125,2,2.154305438625593,0.0018928245427418666,False
23.114999771118164,72.49500274658203,2.1707959175109863,52.50833511352539,33.12094497680664,9657.142578125,2,2.168684326644945,0.0021115908660411797,False
23.114999771118164,72.50499725341797,2.185774326324463,53.22500228881836,33.12094497680664,9657.142578125,2,2.1835829659939026,0.0021913603305603324,True
23.114999771118164,72.51499938964844,2.206770896911621,54.241668701171875,33.12094497680664,9657.142578125,2,2.2047182247835377,0.002052672128083355,False
23.114999771118164,72.5250015258789,2.222585916519165,55.01667404174805,33.12094497680664,9657.142578125,2,2.2208296436692154,0.0017562728499496139,False
23.114999771118164,72.53500366210938,2.2405803203582764,55.908329010009766,33.12094497680664,9657.142578125,2,2.2393660665079023,0.001214253850374103,False
23.114999771118164,72.54499816894531,2.2535672187805176,56.5583381652832,33.12094497680664,9657.142578125,2,2.2528789666543068,0.0006882521262108199,False
23.114999771118164,72.55500030517578,2.262495994567871,57.00833511352539,33.12094497680664,9657.142578125,2,2.2622338561638635,0.0002621384040075725,False
23.114999771118164,72.56500244140625,2.2467546463012695,56.2166633605957,33.12094497680664,9657.142578125,2,2.245775962826088,0.0009786834751817075,False
23.114999771118164,72.57499694824219,2.2256276607513428,55.16666793823242,33.12094497680664,9657.142578125,2,2.2239478344351764,0.0016798263161663662,False
23.114999771118164,72.58499908447266,2.2310214042663574,55.43333435058594,33.12094497680664,9657.142578125,3,2.229491504971658,0.0015298992946992662,False
23.114999771118164,72.59500122070312,2.2263026237487793,55.19999694824219,33.12094497680664,9657.142578125,3,2.2246407040364526,0.0016619197123266538,False
23.114999771118164,72.6050033569336,2.203350067138672,54.07499694824219,33.12094497680664,9657.142578125,3,2.2012533216567234,0.002096745481948492,False
23.114999771118164,72.61499786376953,2.1667628288269043,52.31666946411133,33.12094497680664,9657.142578125,3,2.1646998307943623,0.0020629980325419517,False
23.114999771118164,72.625,2.1450209617614746,51.29166793823242,33.26767349243164,9657.142578125,3,2.142691971132019,0.002328990629455685,True
23.114999771118164,72.63500213623047,2.1443090438842773,51.258331298828125,33.26767349243164,9657.142578125,3,2.141998942924905,0.002310100959372452,True
23.114999771118164,72.6449966430664,2.1567277908325195,51.841670989990234,33.26767349243164,9657.142578125,3,2.1541258659599998,0.0026019248725197563,True
23.114999771118164,72.65499877929688,2.1342997550964355,50.79166793823242,33.26767349243164,9657.142578125,3,2.1322975789632506,0.0020021761331849852,False
23.114999771118164,72.66500091552734,2.115894317626953,49.94166564941406,33.26767349243164,9657.142578125,3,2.1146270646945924,0.0012672529323607407,False
23.114999771118164,72.67500305175781,2.1084296703338623,49.59999465942383,33.26767349243164,9657.142578125,3,2.1075241401692923,0.0009055301645699565,False
23.114999771118164,72.68499755859375,2.1058738231658936,49.48332595825195,33.26767349243164,9657.142578125,3,2.1050987397016896,0.0007750834642039628,False
23.114999771118164,72.69499969482422,2.091545820236206,48.83333206176758,33.26767349243164,9657.142578125,3,2.0915861567669602,-4.033653075419252e-05,False
23.114999771118164,72.70500183105469,2.083402395248413,48.4666633605957,33.26767349243164,9657.142578125,3,2.0839635602149733,-0.0005611649665602236,False
23.114999771118164,72.71499633789062,2.069040060043335,47.82499694824219,33.26767349243164,9657.142578125,3,2.070624095551915,-0.001584035508579884,False
23.114999771118164,72.7249984741211,2.0658512115478516,47.68333435058594,33.26767349243164,9657.142578125,3,2.0676791023605436,-0.001827890812692079,False
23.114999771118164,72.73500061035156,2.0507469177246094,47.016666412353516,33.26767349243164,9657.142578125,3,2.053819886367879,-0.003072968643269558,False
23.114999771118164,72.74500274658203,2.02779221534729,46.01667404174805,33.26767349243164,9657.142578125,3,2.033031260636179,-0.005239045288889077,False
23.125,72.40499877929688,2.051504373550415,47.05000305175781,33.12094497680664,9657.142578125,2,2.055212238570193,-0.003707865019777934,False
23.125,72.41500091552734,2.062466621398926,47.533329010009766,33.12094497680664,9657.142578125,2,2.0652599976810264,-0.0027933762821006347,False
23.125,72.42500305175781,2.08024263381958,48.32499694824219,33.12094497680664,9657.142578125,2,2.081717811715883,-0.001475177896303137,False
23.125,72.43499755859375,2.0863683223724365,48.60000228881836,33.12094497680664,9657.142578125,2,2.087434838432792,-0.0010665160603555712,False
23.125,72.44499969482422,2.090991973876953,48.80833435058594,33.12094497680664,9657.142578125,2,2.091765808735473,-0.0007738348585197841,False
23.125,72.45500183105469,2.089144468307495,48.72500228881836,33.12094497680664,9657.142578125,2,2.0900334364749846,-0.0008889681674895122,False
23.125,72.46499633789062,2.100748062133789,49.250003814697266,33.12094497680664,9657.142578125,2,2.1009475799733592,-0.00019951783957017355,False
23.125,72.4749984741211,2.1111655235290527,49.72500228881836,33.12094497680664,9657.142578125,2,2.110822220812522,0.00034330271653093547,False
23.125,72.48500061035156,2.122596025466919,50.25,33.12094497680664,9657.142578125,2,2.121736285007978,0.000859740458940994,False
23.125,72.49500274658203,2.1346585750579834,50.8083381652832,33.12094497680664,9657.142578125,2,2.1333434567134666,0.001315118344516808,False
23.125,72.50499725341797,2.144843578338623,51.2833366394043,33.12094497680664,9657.142578125,2,2.1432180975526296,0.0016254807859934495,False
23.125,72.51499938964844,2.1588449478149414,51.94166564941406,33.12094497680664,9657.142578125,2,2.1569039573648667,0.0019409904500746755,False
23.125,72.5250015258789,2.1730685234069824,52.61666488647461,33.12094497680664,9657.142578125,2,2.1709363709321208,0.0021321524748616483,False
23.125,72.53500366210938,2.174990177154541,52.70833206176758,33.12094497680664,9657.142578125,2,2.1728420200701177,0.0021481570844232856,False
23.125,72.54499816894531,2.177082061767578,52.80833053588867,33.12094497680664,9657.142578125,2,2.174920866782704,0.002161194984874104,False
23.125,72.55500030517578,2.1945860385894775,53.649993896484375,33.12094497680664,9657.142578125,2,2.192418024870935,0.002168013718542472,False
23.125,72.56500244140625,2.202662944793701,54.04166793823242,33.12094497680664,9657.142578125,2,2.2005604520554467,0.002102492738254469,False
23.125,72.57499694824219,2.1854281425476074,53.20833206176758,33.12094497680664,9657.142578125,2,2.183236412238886,0.002191730308721329,True
23.125,72.58499908447266,2.1748154163360596,52.70000076293945,33.12094497680664,9657.142578125,3,2.172668822495528,0.0021465938405316187,False
23.125,72.59500122070312,2.161665678024292,52.07499694824219,33.12094497680664,9657.142578125,3,2.159675752981648,0.0019899250426438364,False
23.125,72.6050033569336,2.147867202758789,51.42500305175781,33.12094497680664,9657.142578125,3,2.1461631700469193,0.0017040327118698073,False
23.125,72.61499786376953,2.1097075939178467,49.6583366394043,33.12094497680664,9657.142578125,3,2.109436323004131,0.0002712709137155933,False
23.125,72.625,2.097992420196533,49.125,33.26767349243164,9657.142578125,3,2.0976495786330482,0.00034284156348496353,False
23.125,72.63500213623047,2.099461555480957,49.19166564941406,33.26767349243164,9657.142578125,3,2.0990354764414394,0.00042607903951763504,False
23.125,72.6449966430664,2.1005640029907227,49.241668701171875,33.26767349243164,9657.142578125,3,2.100074979100651,0.0004890238900716604,False
23.125,72.65499877929688,2.0848870277404785,48.533329010009766,33.26767349243164,9657.142578125,3,2.0853494580233645,-0.00046243028288595056,False
23.125,72.66500091552734,2.057373523712158,47.30833435058594,33.26767349243164,9657.142578125,3,2.0598833082339674,-0.0025097845218091663,False
23.125,72.67500305175781,2.046755790710449,46.8416633605957,33.26767349243164,9657.142578125,3,2.0501817856664752,-0.003425994956026024,False
23.125,72.68499755859375,2.0568060874938965,47.283329010009766,33.26767349243164,9657.142578125,3,2.0593634776014427,-0.002557390107546187,False
23.125,72.69499969482422,2.06547474861145,47.66666793823242,33.26767349243164,9657.142578125,3,2.067332627908446,-0.001857879296995879,False
23.125,72.70500183105469,2.066791296005249,47.725006103515625,33.26767349243164,9657.142578125,3,2.0685454074451664,-0.0017541114399173274,False
23.125,72.71499633789062,2.0516960620880127,47.05833053588867,33.26767349243164,9657.142578125,3,2.054686032846664,-0.0029899707586511504,False
23.125,72.7249984741211,2.0281765460968018,46.0333366394043,33.26767349243164,9657.142578125,3,2.0333776557853582,-0.005201109688556471,False
23.125,72.73500061035156,2.024895668029785,45.891666412353516,33.26767349243164,9657.142578125,3,2.0304325039881497,-0.005536835958364517,False
23.125,72.74500274658203,1.9995570182800293,44.80833435058594,33.26767349243164,9657.142578125,3,2.007911347390124,-0.008354329110094483,False
23.135000228881836,72.40499877929688,2.082474946975708,48.42499923706055,33.12094497680664,9657.142578125,2,2.083796737731388,-0.0013217907556799524,False
23.135000228881836,72.41500091552734,2.0819170475006104,48.39999771118164,33.12094497680664,9657.142578125,2,2.083276986401782,-0.0013599389011718088,False
23.135000228881836,72.42500305175781,2.090068817138672,48.76666259765625,33.12094497680664,9657.142578125,2,2.0908995036508506,-0.0008306865121787688,False
23.135000228881836,72.43499755859375,2.1005640029907227,49.24166488647461,33.12094497680664,9657.142578125,2,2.100774223792932,-0.00021022080220944872,False
23.135000228881836,72.44499969482422,2.1020307540893555,49.30833053588867,33.12094497680664,9657.142578125,2,2.102160121601323,-0.00012936751196734875,False
23.135000228881836,72.45500183105469,2.101663589477539,49.29166793823242,33.12094497680664,9657.142578125,2,2.101813726452144,-0.00015013697460508624,False
23.135000228881836,72.46499633789062,2.1067872047424316,49.52499771118164,33.12094497680664,9657.142578125,2,2.106664368781512,0.000122835960919776,False
23.135000228881836,72.4749984741211,2.1031298637390137,49.358333587646484,33.12094497680664,9657.142578125,2,2.1031996242605344,-6.97605215207453e-05,False
23.135000228881836,72.48500061035156,2.1027636528015137,49.341670989990234,33.12094497680664,9657.142578125,2,2.1028532291113557,-8.957630984207654e-05,False
23.135000228881836,72.49500274658203,2.1124401092529297,49.7833366394043,33.12094497680664,9657.142578125,2,2.112034921046323,0.00040518820660651045,False
23.135000228881836,72.50499725341797,2.118978261947632,50.08333206176758,33.12094497680664,9657.142578125,2,2.1182714611840816,0.0007068007635502305,False
23.135000228881836,72.51499938964844,2.123500108718872,50.29166793823242,33.12094497680664,9657.142578125,2,2.1226025107896813,0.0008975979291907521,False
23.135000228881836,72.5250015258789,2.1290900707244873,50.55000305175781,33.12094497680664,9657.142578125,2,2.1279729837515737,0.0011170869729135724,False
23.135000228881836,72.53500366210938,2.133761405944824,50.766666412353516,33.12094497680664,9657.142578125,2,2.132477151628844,0.0012842543159803377,False
23.135000228881836,72.54499816894531,2.1292686462402344,50.55833435058594,33.12094497680664,9657.142578125,2,2.1281461813261635,0.0011224649140708642,False
23.135000228881836,72.55500030517578,2.1389551162719727,51.008331298828125,33.12094497680664,9657.142578125,2,2.1375010708357203,0.0014540454362523825,False
23.135000228881836,72.56500244140625,2.140207052230835,51.06666564941406,33.12094497680664,9657.142578125,2,2.1387137710695217,0.001493281161313309,False
23.135000228881836,72.57499694824219,2.1298084259033203,50.58333969116211,33.12094497680664,9657.142578125,2,2.128666011958688,0.0011424139446321036,False
23.135000228881836,72.58499908447266,2.1097075939178467,49.658329010009766,33.12094497680664,9657.142578125,3,2.1094361643982933,0.00027142951955339,False
23.135000228881836,72.59500122070312,2.08024263381958,48.32500076293945,33.12094497680664,9657.142578125,3,2.0817178910188017,-0.0014752571992215913,False
23.135000228881836,72.6050033569336,2.05245304107666,47.0916633605957,33.12094497680664,9657.142578125,3,2.056078305746059,-0.003625264669398831,False
23.135000228881836,72.61499786376953,2.0480868816375732,46.90000534057617,33.12094497680664,9657.142578125,3,2.0520939685013135,-0.0040070868637402945,False
23.135000228881836,72.625,2.048847198486328,46.93333435058594,33.26767349243164,9657.142578125,3,2.0520875141073907,-0.0032403156210625284,False
23.135000228881836,72.63500213623047,2.047515630722046,46.875,33.26767349243164,9657.142578125,3,2.0508748138735893,-0.0033591831515433768,False
23.135000228881836,72.6449966430664,2.060959815979004,47.466670989990234,33.26767349243164,9657.142578125,3,2.0631749344832735,-0.0022151185042695865,False
23.135000228881836,72.65499877929688,2.0558621883392334,47.24166488647461,33.26767349243164,9657.142578125,3,2.0584973311226578,-0.00263514278342436,False
23.135000228881836,72.66500091552734,2.0354833602905273,46.34999465942383,33.26767349243164,9657.142578125,3,2.0399605910722958,-0.0044772307817684265,False
23.135000228881836,72.67500305175781,2.031834125518799,46.1916618347168,33.26767349243164,9657.142578125,3,2.0366690441259085,-0.004834918607109717,False
23.135000228881836,72.68499755859375,2.039123296737671,46.50833511352539,33.26767349243164,9657.142578125,3,2.043252296624521,-0.004128999886849893,False
23.135000228881836,72.69499969482422,2.053590774536133,47.14166259765625,33.26767349243164,9657.142578125,3,2.0564184051071526,-0.002827630571019757,False
23.135000228881836,72.70500183105469,2.053210973739624,47.124996185302734,33.26767349243164,9657.142578125,3,2.056071930655055,-0.002860956915430979,False
23.135000228881836,72.71499633789062,2.031642198562622,46.18333435058594,33.26767349243164,9657.142578125,3,2.0364959258542377,-0.004853727291615595,False
23.135000228881836,72.7249984741211,1.9936460256576538,44.55833435058594,33.26767349243164,9657.142578125,3,2.002714151305739,-0.009068125648085346,False
23.135000228881836,72.73500061035156,1.986717939376831,44.266666412353516,33.26767349243164,9657.142578125,3,1.9966507294396512,-0.009932790062820107,False
23.135000228881836,72.74500274658203,1.9781618118286133,43.908329010009766,33.26767349243164,9657.142578125,3,1.9892013304622536,-0.011039518633640277,False
23.145000457763672,72.40499877929688,2.1009297370910645,49.25833511352539,33.12094497680664,9657.142578125,2,2.1011207775479486,-0.0001910404568841173,False
23.145000457763672,72.41500091552734,2.1066043376922607,49.516666412353516,33.12094497680664,9657.142578125,2,2.106491171206922,0.00011316648533865603,False
23.145000457763672,72.42500305175781,2.1047756671905518,49.43333435058594,33.12094497680664,9657.142578125,2,2.104758798946434,1.6868244117951292e-05,False
23.145000457763672,72.43499755859375,2.118614912033081,50.06666564941406,33.12094497680664,9657.142578125,2,2.117924986731984,0.0006899253010970163,False
23.145000457763672,72.44499969482422,2.1177077293395996,50.02499771118164,33.12094497680664,9657.142578125,2,2.1170587609502802,0.0006489683893193821,False
23.145000457763672,72.45500183105469,2.118795871734619,50.07500076293945,33.12094497680664,9657.142578125,2,2.1180982636094927,0.0006976081251264254,False
23.145000457763672,72.46499633789062,2.108065605163574,49.58333206176758,33.12094497680664,9657.142578125,2,2.1078770690153132,0.00018853614826097598,False
23.145000457763672,72.4749984741211,2.101297378540039,49.274993896484375,33.12094497680664,9657.142578125,2,2.101467093394209,-0.00016971485416972243,False
23.145000457763672,72.48500061035156,2.0913619995117188,48.82500076293945,33.12094497680664,9657.142578125,2,2.092112283187571,-0.0007502836758521703,False
23.145000457763672,72.49500274658203,2.0882198810577393,48.68333435058594,33.12094497680664,9657.142578125,2,2.089167210693281,-0.0009473296355415606,False
23.145000457763672,72.50499725341797,2.088404893875122,48.69166564941406,33.12094497680664,9657.142578125,2,2.08934040826787,-0.0009355143927480825,False
23.145000457763672,72.51499938964844,2.093022346496582,48.89999771118164,33.12094497680664,9657.142578125,2,2.093671378570551,-0.0006490320739689359,False
23.145000457763672,72.5250015258789,2.101663589477539,49.29166030883789,33.12094497680664,9657.142578125,2,2.1018135678463064,-0.00014997836876728954,False
23.145000457763672,72.53500366210938,2.1053245067596436,49.45832824707031,33.12094497680664,9657.142578125,2,2.1052783916702023,4.611508944130094e-05,False
23.145000457763672,72.54499816894531,2.1102535724639893,49.68333435058594,33.12094497680664,9657.142578125,2,2.1099559950308184,0.00029757743317082586,False
23.145000457763672,72.55500030517578,2.1023964881896973,49.32499694824219,33.12094497680664,9657.142578125,2,2.1025065960534204,-0.00011010786372311898,False
23.145000457763672,72.56500244140625,2.0961527824401855,49.04166793823242,33.12094497680664,9657.142578125,2,2.0966165303677595,-0.0004637479275739764,False
23.145000457763672,72.57499694824219,2.0917320251464844,48.841670989990234,33.12094497680664,9657.142578125,2,2.0924588369425874,-0.0007268117961030107,False
23.145000457763672,72.58499908447266,2.0763325691223145,48.14999771118164,33.12094497680664,9657.142578125,3,2.0780797903173975,-0.0017472211950830818,False
23.145000457763672,72.59500122070312,2.060393810272217,47.44166564941406,33.12094497680664,9657.142578125,3,2.0633544278459484,-0.002960617573731561,False
23.145000457763672,72.6050033569336,2.0308728218078613,46.149993896484375,33.12094497680664,9657.142578125,3,2.0365021423394043,-0.0056293205315429695,False
23.145000457763672,72.61499786376953,2.038931369781494,46.5,33.12094497680664,9657.142578125,3,2.0437783437422126,-0.004846973960718426,False
23.145000457763672,72.625,2.044088125228882,46.72499465942383,33.26767349243164,9657.142578125,3,2.0477563851988725,-0.0036682599699906504,False
23.145000457763672,72.63500213623047,2.0482780933380127,46.908329010009766,33.26767349243164,9657.142578125,3,2.051567683474866,-0.00328959013685326,False
23.145000457763672,72.6449966430664,2.057185649871826,47.30000305175781,33.26767349243164,9657.142578125,3,2.0597101106593776,-0.002524460787551419,False
23.145000457763672,72.65499877929688,2.063971757888794,47.59999465942383,33.26767349243164,9657.142578125,3,2.0659465714942176,-0.00197481360542362,False
23.145000457763672,72.66500091552734,2.0662264823913574,47.69999694824219,33.26767349243164,9657.142578125,3,2.0680254975097228,-0.0017990151183653325,False
23.145000457763672,72.67500305175781,2.0675406455993652,47.758331298828125,33.26767349243164,9657.142578125,3,2.069238197743524,-0.001697552144158898,False
23.145000457763672,72.68499755859375,2.0613362789154053,47.483333587646484,33.26767349243164,9657.142578125,3,2.0635213296324526,-0.002185050717047332,False
23.145000457763672,72.69499969482422,2.0586957931518555,47.36666488647461,33.26767349243164,9657.142578125,3,2.06109592916485,-0.0024001360129943805,False
23.145000457763672,72.70500183105469,2.0505571365356445,47.00834274291992,33.26767349243164,9657.142578125,3,2.0536468473991274,-0.003089710863482864,False
23.145000457763672,72.71499633789062,2.024122714996338,45.858333587646484,33.26767349243164,9657.142578125,3,2.029739555083954,-0.005616840087616204,False
23.145000457763672,72.7249984741211,1.996604323387146,44.68333053588867,33.26767349243164,9657.142578125,3,2.005312670045013,-0.008708346657866795,False
23.145000457763672,72.73500061035156,1.9733622074127197,43.70833206176758,33.26767349243164,9657.142578125,3,1.9850436370370814,-0.011681429624361694,False
23.145000457763672,72.74500274658203,1.9639182090759277,43.31666564941406,33.26767349243164,9657.142578125,3,1.9769013684584071,-0.012983159382479403,False
